standard name,first detection,last detection,no. detns,expert extant?,chong common?
acacia concinna,2013,2013,1,,
acacia kekapur,1884,2012,7,yes,
acanthus ebracteatus,1893,2011,32,yes,
acanthus ilicifolius,1896,2011,15,yes,yes
acanthus volubilis,1889,2003,14,yes,
acer laurinum,2010,2010,1,,
acriopsis liliifolia,1822,1949,6,yes,
acriopsis ridleyi,1889,1889,1,yes,
acrostichum aureum,1860,2003,14,yes,yes
acrostichum speciosum,1866,2010,12,yes,yes
actephila excelsa var. javanica,1884,2012,16,yes,
actinodaphne glomerata,1894,1995,4,yes,
actinodaphne macrophylla,1898,2009,3,,
actinodaphne malaccensis,1882,2008,6,,
actinodaphne pruinosa,1884,2009,7,,
actinoscirpus grossus,1892,1955,2,,yes
adenanthera malayana,1884,2003,7,yes,
adenia cordifolia,1900,2013,2,,
adenia macrophylla var. singaporeana,1822,2012,27,yes,
adenoncos major,1927,1927,1,,
adenoncos sumatrana,1889,1889,1,,
adenosma javanicum,1894,1995,8,,yes
adiantum flabellulatum,1891,2002,5,,
adiantum hispidulum,1881,2010,6,,
adiantum stenochlamys,1910,1910,1,,
adinandra acuminata,1890,1982,13,,
adinandra dumosa,1822,2016,40,yes,yes
adinandra integerrima,1889,2008,5,yes,
aegiceras corniculatum,1884,2011,23,,
aeschynanthus albidus,1889,2013,7,yes,
aeschynanthus parvifolius,1889,2013,11,yes,
aeschynanthus radicans,1822,1931,7,yes,
aeschynanthus wallichii,1830,2013,12,,
aganope heptaphylla,1885,2013,17,,
aganope thyrsiflora,1883,2010,22,,
agapetes leptantha,1894,1894,1,,
agelaea borneensis,1881,2013,26,yes,
agelaea macrophylla,1822,2012,17,yes,
aglaia crassinervia,1894,2009,4,,
aglaia cucullata,1892,2004,12,,
aglaia edulis,2010,2010,1,,
aglaia elliptica,1889,2010,6,yes,
aglaia erythrosperma,1944,1957,2,yes,
aglaia exstipulata,1963,1963,1,,
aglaia lawii subsp. oligocarpa,1917,1917,1,,
aglaia leptantha,1890,2010,12,,
aglaia macrocarpa,1867,2008,3,,
aglaia meliosmoides,1890,2003,5,yes,
aglaia multinervis,1941,2008,5,,
aglaia odoratissima,1893,2010,9,yes,
aglaia oligophylla,2009,2009,1,,
aglaia palembanica,1884,1918,3,yes,
aglaia rubiginosa,1892,2003,5,,
aglaia rufinervis,1892,2009,16,yes,
aglaia teysmanniana,2006,2006,1,,
aglaia tomentosa subsp. cordata,1884,1977,3,yes,
aglaomorpha speciosa,1822,1936,8,,
aglaonema nebulosum,1961,2015,3,yes,
aglaonema nitidum,1889,2005,9,yes,
aglaonema simplex,1889,2009,7,yes,yes
agrostistachys borneensis,1884,2003,11,yes,yes
agrostistachys gaudichaudii,1885,1904,5,yes,
agrostistachys sessilifolia,1948,1982,12,,
agrostophyllum majus,1889,1900,4,,
agrostophyllum stipulatum,1888,2004,5,,
aidia auriculata,1884,2013,4,yes,
aidia densiflora,1889,2012,22,yes,
ailanthus integrifolia,1941,1941,1,yes,
alangium javanicum,1893,2002,2,,
alangium longiflorum,2003,2012,4,yes,
alangium nobile,1893,2004,4,,
alangium ridleyi,1880,2003,6,,
alangium salviifolium,1894,1966,3,,
alangium uniloculare,1892,2012,5,,
albertisia crassa,2010,2014,2,,
albizia pedicellata,1996,1996,1,,
albizia retusa,1893,2012,4,,
albizia splendens,1893,1994,11,yes,
alchornea rugosa,1884,1914,5,,
alchornea villosa,1884,2013,14,yes,
allantodia aspera,1842,1924,3,,
allmania nodiflora,1955,2003,4,,yes
allophylus cobbe,1884,2010,27,yes,yes
alocasia longiloba,1889,2012,17,yes,yes
alphonsea johorensis,1953,2010,4,,
alphonsea maingayi,1894,2010,4,,
alpinia aquatica,1889,2011,17,yes,
alpinia conchigera,1900,1907,2,yes,
alpinia rafflesiana,1889,1897,4,yes,
alseodaphne bancana,1884,2010,10,,
alseodaphne nigrescens,2004,2008,2,,
alseodaphne oblanceolata,1937,1971,4,yes,
alstonia angustifolia,1822,2003,26,yes,yes
alstonia angustiloba,1884,2010,22,yes,yes
alstonia pneumatophora,1994,2013,5,yes,
alstonia spatulata,1953,2012,10,yes,
alyxia reinwardtii,1831,2010,18,yes,yes
amischotolype gracilis,1849,2010,7,yes,yes
amischotolype mollissima,1822,2005,7,,
amomum hastilabium,1889,1900,4,yes,
amomum xanthophlebium,1889,1908,7,yes,
amorphophallus prainii,1904,1904,1,,
ampelocissus ascendiflora,1890,2012,7,yes,
ampelocissus elegans,1875,2012,38,yes,
ampelocissus gracilis,1836,2013,21,yes,
ampelocissus polystachya,1950,2010,7,yes,
ampelocissus thyrsiflora,1893,2010,2,yes,
amphineuron opulentum,1881,2011,15,yes,
amydrium medium,1890,2010,7,yes,
amylotheca duthieana,1892,1892,1,,
anacolosa frutescens,1894,2014,3,,
anadendrum microstachyum,1889,2015,15,,
anaxagorea javanica,1916,2001,8,,
ancistrocladus tectorius,1885,2010,10,yes,
angiopteris evecta,1896,2010,6,yes,
anisophyllea disticha,1836,2012,28,yes,yes
anisophyllea griffithii,1894,2010,8,yes,
anisoptera costata,1955,2014,4,,
anisoptera laevis,1895,2009,3,,
anisoptera megistocarpa,1894,2005,20,yes,
anodendron candolleanum,1996,2010,4,yes,
anoectochilus geniculatus,1890,1898,3,,
antiaris toxicaria,1957,2012,5,yes,
antidesma coriaceum,1836,2013,19,yes,
antidesma cuspidatum,1881,2013,39,yes,yes
antidesma neurocarpum,1822,2010,21,yes,
antidesma velutinosum,1884,2012,10,yes,
antrophyum callifolium,1892,2003,7,,
antrophyum parvulum,1896,1896,1,,
aphanamixis polystachya,1884,2005,21,yes,
aphyllorchis pallida,1890,1898,4,,
aporosa benthamiana,1884,2009,25,yes,
aporosa confusa,1894,1900,4,,
aporosa falcifera,1973,2010,3,,
aporosa frutescens,1884,2012,35,yes,yes
aporosa globifera,1981,2005,4,,
aporosa lucida,1948,2012,11,yes,
aporosa lunata,1894,2009,3,yes,
aporosa maingayi,1881,2012,18,yes,
aporosa nervosa,1894,2011,5,yes,
aporosa nigricans,1894,2014,8,,
aporosa prainiana,1884,2009,13,,
aporosa subcaudata,1889,2005,6,,
aporosa symplocoides,1894,2014,7,yes,yes
apostasia nuda,1889,2002,9,,
appendicula anceps,1822,1822,1,,
appendicula cornuta,1889,1892,4,,
appendicula lucida,1889,1928,4,,
appendicula uncata,1892,1918,3,,
aquilaria hirta,1890,2009,5,,
aquilaria malaccensis,1894,2012,12,yes,
aquilaria microcarpa,1940,2009,7,yes,
arachnis hookeriana,1891,1950,6,,
aralidium pinnatifidum,1884,2013,7,yes,
archidendron clypearia,1822,2010,35,yes,yes
archidendron contortum,1885,2007,13,yes,
archidendron ellipticum,1884,2006,18,yes,
archidendron globosum,1894,2003,3,,
archidendron jiringa,1822,2003,21,yes,
archidendron microcarpum,1882,2011,21,yes,
ardisia crenata,1885,2012,16,yes,
ardisia elliptica,1841,2010,24,,
ardisia eximia,1892,1892,1,,
ardisia miqueliana,1992,1992,1,,
ardisia purpurea,1894,2012,7,,
ardisia ridleyi,1894,1894,1,,
ardisia sanguinolenta,1890,2011,22,yes,yes
ardisia singaporensis,1890,1893,3,,
ardisia teysmanniana,1884,2010,22,yes,
ardisia tuberculata,1822,2007,11,,
ardisia villosa,1836,1992,2,,
argyreia ridleyi,1890,2012,15,yes,
aristolochia jackii,1893,1893,1,,
artabotrys costatus,1900,2011,6,,
artabotrys crassifolius,1900,2010,5,,
artabotrys maingayi,1977,2010,5,,
artabotrys suaveolens,1884,2013,33,yes,
artabotrys wrayi,1892,2005,8,,
arthrophyllum diversifolium,1950,2017,19,yes,yes
artocarpus anisophyllus,1894,2009,10,yes,
artocarpus elasticus,1891,2011,22,yes,yes
artocarpus fulvicortex,1884,2008,8,yes,
artocarpus gomezianus,1908,1997,6,,
artocarpus hispidus,1891,2011,12,yes,
artocarpus kemando,1892,2009,13,yes,
artocarpus lacucha,1884,2012,19,yes,
artocarpus lanceifolius,1884,2010,15,,
artocarpus lowii,1893,1938,6,yes,
artocarpus nitidus subsp. griffithii,1893,2005,5,,
artocarpus rigidus,1822,2010,15,,
arundina graminifolia,1889,2017,11,yes,yes
arytera littoralis,1884,2004,3,,
aspidopterys concava,1892,2012,7,yes,
asplenium batuense,1906,2010,3,yes,
asplenium longissimum,1829,2010,14,yes,yes
asplenium macrophyllum,1850,1920,7,,
asplenium nidus,1862,2017,16,yes,yes
asplenium nitidum,1822,2012,6,,
asplenium phyllitidis,1891,1952,5,,
asplenium tenerum,1842,2013,4,yes,
athyrium accedens,2010,2012,2,yes,
athyrium bantamense,2012,2012,1,,
austrobuxus nitidus,1892,1935,5,,
avicennia alba,1894,2012,28,yes,yes
avicennia marina,1947,2010,12,yes,
avicennia officinalis,1890,2006,16,yes,yes
avicennia rumphiana,1885,2011,36,yes,yes
baccaurea bracteata,1836,2013,26,,
baccaurea brevipes,1995,1996,2,,
baccaurea macrocarpa,1894,2009,6,,
baccaurea macrophylla,1917,1944,2,yes,
baccaurea maingayi,1936,1970,2,,
baccaurea minor,1894,2005,5,,
baccaurea motleyana,1868,2010,14,yes,
baccaurea parviflora,1885,2012,27,yes,yes
baccaurea polyneura,1884,2010,16,yes,
baccaurea pyriformis,1894,1894,1,,
baccaurea racemosa,1894,2004,3,,
baccaurea reticulata,1894,1995,5,,
baccaurea sumatrana,1894,2011,15,yes,
baratranthus axanthus,1890,1937,3,,
barringtonia asiatica,1822,2017,5,,
barringtonia conoidea,1889,1892,3,,
barringtonia macrostachya,1894,1974,2,,
barringtonia racemosa,1884,2010,15,,
barringtonia reticulata,1890,2011,9,,
bauhinia audax,1982,1982,1,,
bauhinia semibifida,1830,2013,25,yes,
beilschmiedia kunstleri,1894,2010,5,,
beilschmiedia madang,1892,2009,14,yes,
beilschmiedia tonkinensis,2000,2000,1,,
benstonea affinis,1892,2008,5,,
benstonea atrocarpa,1890,2012,7,,
benstonea ornata,1890,2012,11,,
benstonea parva,1889,2012,10,yes,
bhesa paniculata,1884,2013,27,yes,yes
bhesa robusta,1867,2010,11,yes,
biermannia laciniata,1933,1933,1,,
blechnum finlaysonianum,1841,2010,10,yes,
blechnum orientale,1880,2010,20,yes,yes
blechnum serrulatum,1900,1951,3,,
blumea riparia,1884,1900,5,,yes
blumeodendron tokbrai,1882,2011,22,yes,
bolbitis appendiculata,1842,1943,10,yes,
bolbitis heteroclita,1906,1942,6,,
bolbitis sinuata,1880,2012,10,yes,
bolbitis x singaporensis,1882,1968,10,,
bouea macrophylla,1893,2005,12,,
bouea oppositifolia,1880,2010,5,yes,
brackenridgea elegantissima,1884,2010,14,yes,
brackenridgea palustris,1890,1918,4,,
breynia coronata,1958,2011,6,yes,
breynia discigera,1884,2011,10,,
breynia racemosa,1838,2011,27,,yes
breynia vitis-idaea,1951,2015,4,yes,yes
bridelia cinnamomea,1894,1955,3,yes,
bridelia pustulata,1892,2013,13,yes,
bridelia stipularis,1900,2011,13,yes,
bridelia tomentosa,1881,2016,18,yes,yes
bromheadia alticola,1889,2011,4,,
bromheadia borneensis,1894,1894,1,,
bromheadia finlaysoniana,1836,2013,17,yes,yes
bromheadia scirpoidea,1992,1992,1,,
bromheadia truncata,1889,1899,3,,
brownlowia argentata,1894,1894,1,,
brownlowia tersa,1894,2011,17,yes,
brucea javanica,1822,2010,8,yes,
bruguiera cylindrica,1822,2016,38,yes,yes
bruguiera gymnorhiza,1885,2006,28,yes,yes
bruguiera hainesii,2003,2013,7,yes,
bruguiera parviflora,1892,2006,10,yes,
bruguiera sexangula,1884,2012,11,yes,
bryobium hyacinthoides,1892,1892,1,,
bryobium pudicum,1890,1910,2,,
buchanania arborescens,1884,2012,24,yes,yes
buchanania sessilifolia,1822,2013,27,yes,
bulbophyllum acuminatum,1889,1932,6,,
bulbophyllum apodum,1889,1999,5,,
bulbophyllum botryophorum,1890,1932,2,,
bulbophyllum caudatisepalum,1893,1893,1,,
bulbophyllum clandestinum,1889,2007,9,yes,
bulbophyllum concinnum,1889,1930,4,,
bulbophyllum dischidiifolium,1897,1901,2,,
bulbophyllum flabellum-veneris,1889,2004,4,,
bulbophyllum gracillimum,1889,1891,3,,
bulbophyllum limbatum,1840,1840,1,,
bulbophyllum lobbii,1897,1900,2,,
bulbophyllum macranthum,1889,1920,3,yes,
bulbophyllum macrochilum,1890,1897,3,,
bulbophyllum makoyanum,1900,1900,1,,
bulbophyllum maxillare,1890,1894,3,,
bulbophyllum medusae,1890,1893,3,,
bulbophyllum membranaceum,1861,1933,4,yes,
bulbophyllum ovalifolium,1889,1894,4,,
bulbophyllum patens,1889,1894,4,,
bulbophyllum pileatum,1891,1892,2,,
bulbophyllum praetervisum,2014,2014,1,,
bulbophyllum pulchellum,1889,1955,8,yes,
bulbophyllum purpurascens,1889,1904,5,,
bulbophyllum restrepia,1889,1895,2,,
bulbophyllum rugosum,1890,1890,1,,
bulbophyllum singaporeanum,1889,2009,5,,
bulbophyllum striatellum,1953,1953,1,,
bulbophyllum tenuifolium,1894,1894,1,,
bulbophyllum trifolium,1890,1890,1,,
bulbophyllum vaginatum,1822,2013,9,yes,
bulbophyllum vermiculare,1889,1891,3,,
bulbophyllum vesiculosum,1930,1930,1,,
bulbostylis barbata,1878,1959,4,,yes
bulbostylis puberula,1884,2001,7,,yes
burmannia championii,1889,1905,4,,
burmannia coelestis,1889,2008,12,yes,yes
burmannia wallichii,1898,1898,1,,
byttneria maingayi,1884,2010,15,yes,
caesalpinia bonduc,1950,2012,3,yes,
caesalpinia crista,1884,2011,24,yes,
caesalpinia sumatrana,1891,2011,3,yes,
calamus densiflorus,1891,2017,5,yes,
calamus diepenhorstii,1890,2011,8,yes,
calamus erinaceus,1889,2002,8,yes,
calamus insignis,1890,1999,5,yes,
calamus javensis,1894,1999,5,yes,
calamus laevigatus,1890,1999,4,yes,
calamus lobbianus,1889,1992,8,,
calamus luridus,1900,1906,2,,
calamus ornatus,1892,1909,2,yes,
calamus oxleyanus,1890,1999,11,yes,
calamus ridleyanus,1892,1971,4,yes,
calanthe pulchra,1822,1957,9,yes,
callerya dasyphylla,1867,1899,3,yes,
callerya eriantha,1894,2010,8,yes,
callicarpa longifolia,1884,2012,11,yes,
callostylis pulchella,1889,1950,6,yes,
calophyllum biflorum,1953,1953,1,,
calophyllum dispar,1940,1976,3,yes,
calophyllum ferrugineum,1822,2012,25,yes,yes
calophyllum inophyllum,1925,2016,21,yes,
calophyllum lanigerum var. austrocoriaceum,1976,2012,3,yes,
calophyllum macrocarpum,2008,2009,2,yes,
calophyllum pulcherrimum,1822,2015,46,yes,yes
calophyllum rigidum,1800,1917,3,,
calophyllum rubiginosum,1894,2009,7,yes,
calophyllum rufigemmatum,1894,2010,14,,
calophyllum soulattri,2008,2013,2,yes,
calophyllum sundaicum,1822,1994,8,,
calophyllum tetrapterum,1904,2011,24,yes,
calophyllum teysmannii,1889,2012,13,yes,
calophyllum wallichianum var. incrassatum,1893,2012,13,yes,
campnosperma auriculatum,1880,2016,19,yes,yes
campnosperma squamatum,1880,2012,31,yes,yes
campylospermum serratum,1822,2005,28,yes,yes
canarium grandifolium,1884,1900,2,yes,
canarium littorale,1882,2010,21,yes,yes
canarium patentinervium,1884,2010,14,yes,
canarium pilosum,1884,2010,17,yes,
canavalia cathartica,1884,2012,18,yes,yes
canavalia rosea,1889,2007,11,,yes
cansjera rheedii,1943,2010,10,yes,
canthium confertum,1889,2012,34,yes,
canthium glabrum,1884,2012,14,yes,
canthium horridum,1884,2008,7,yes,
canthium molle,1884,2012,8,yes,
capparis micracantha subsp. korthalsiana,1891,2007,6,,
carallia brachiata,1884,2013,19,yes,
carex cryptostachys,1891,2005,2,,
caryota mitis,1889,2012,12,yes,yes
casearia capitellata,1892,2011,11,,
casearia clarkei,1894,2010,7,yes,
casearia lobbiana,1884,2013,25,yes,
cassine viburnifolia,1881,2011,18,,
cassytha filiformis,1889,2011,22,yes,yes
castanopsis inermis,1822,1884,2,yes,
castanopsis lucida,1884,2008,23,,
castanopsis malaccensis,1893,2003,4,,
castanopsis megacarpa,1884,2005,11,yes,
castanopsis nephelioides,1884,2010,4,yes,
castanopsis schefferiana,1861,2009,11,yes,
castanopsis wallichii,1884,2003,17,,
casuarina equisetifolia,1904,2016,23,yes,yes
cayratia japonica,1893,2012,4,yes,
cayratia mollissima,1884,2013,30,yes,
cayratia novemfolia,1889,2003,8,yes,
cayratia trifolia,1885,2013,23,yes,
celastrus monospermoides,1894,2010,3,,
centella asiatica,2005,2005,1,yes,yes
centotheca lappacea,1838,2011,13,yes,
cephalomanes javanicum,1884,2002,5,yes,
cephalomanes obscurum,1822,2010,18,yes,
cephalomanes singaporeanum,1881,2002,8,yes,
cephalomanes superbum,1904,1907,2,,
cerbera manghas,1885,2008,14,,
cerbera odollam,1884,2016,14,yes,
ceriops tagal,1889,2006,23,yes,
ceriops zippeliana,1965,2010,5,,
champereia manillana,1884,2011,35,yes,yes
chassalia angustifolia,1884,1884,1,,
chassalia chartacea,1822,2011,12,,
chassalia curviflora,1884,2013,13,yes,
chassalia griffithii,1891,1891,1,,
chassalia singapurensis,1889,1892,2,,
cheilanthes tenuifolia,1850,2007,5,yes,
cheilocostus speciosus,1994,2017,4,yes,yes
cheilosa montana,2009,2009,1,,
chionanthus macrocarpus,1890,1890,1,,
chionanthus ramiflorus,1884,1993,6,,
chisocheton erythrocarpus,2003,2003,1,,
chisocheton macrophyllus,1893,1893,1,,
chisocheton patens,1861,1970,18,yes,
chisocheton pentandrus subsp. paucijugus,1892,1944,4,,
chisocheton sarawakanus,1992,2008,2,yes,
chloranthus erectus,1885,2004,10,yes,
chonemorpha fragrans,1957,2005,4,yes,
christella arida,1889,2010,7,yes,yes
christella subpubescens,1877,2014,14,yes,yes
chrysophyllum roxburghii,1891,2002,6,,
chrysopogon aciculatus,2001,2011,4,yes,yes
cinnamomum iners,1883,2017,23,yes,yes
cinnamomum javanicum,1881,2009,7,yes,
cinnamomum subavenium,1884,1900,3,,
cissus hastata,1822,2011,30,yes,
cissus nodosa,1889,2013,16,yes,
cissus repens,1886,2012,12,yes,
cissus rostrata,1884,2003,7,yes,
claderia viridiflora,1889,2007,9,,
claoxylon indicum,1892,2013,13,yes,yes
claoxylon longifolium,1885,1956,9,yes,
clausena excavata,1883,2012,14,yes,yes
cleisostoma halophilum,1884,1949,6,,
cleisostoma scortechinii,1895,1902,2,,
cleisostoma subulatum,1892,1892,1,,
cleistanthus hirsutulus,1884,1894,2,,
cleistanthus macrophyllus,1894,1970,5,,
cleistanthus malaccensis,1892,1894,2,,
cleistanthus oblongifolius,1884,2012,7,,
cleistanthus sumatranus,1879,2012,13,yes,
clerodendrum deflexum,1822,2012,16,yes,
clerodendrum disparifolium,1822,2012,41,yes,yes
clerodendrum inerme,1880,2011,28,yes,yes
clerodendrum myrmecophilum,1894,1905,3,,
clerodendrum nutans,1933,1994,2,,
clerodendrum phyllomega,1894,1894,1,,
clerodendrum speciosissimum,1889,1898,3,,
clerodendrum villosum,1822,2017,27,yes,
cnestis palala,1892,2010,14,yes,yes
cocculus orbiculatus,1880,2010,5,yes,
codonoboea crinita,1957,1957,1,,
codonoboea puncticulata,1889,1889,1,,
coelogyne mayeriana,1889,1930,5,,
coelogyne rochussenii,1884,1894,3,yes,
coelogyne septemcostata,1891,1891,1,,
coelogyne testacea,1884,1900,5,,
coelogyne tomentosa,1893,1893,1,,
coelospermum truncatum,1887,2012,7,,
coelostegia griffithii,1892,2012,5,,
colubrina asiatica,1822,2012,24,yes,yes
combretum sundaicum,1884,2010,12,yes,
combretum tetralophum,1996,1997,2,,
commelina attenuata,1893,1950,8,,
commersonia bartramia,1857,2004,31,yes,yes
connarus ferrugineus,1884,2010,6,yes,
connarus grandis,1884,2010,7,yes,
connarus monocarpus subsp. malayensis,1889,1957,4,,
connarus planchonianus,1822,1938,6,,
connarus semidecandrus,1881,2010,10,yes,
coptosapelta flavescens,1884,2010,4,,
coptosapelta griffithii,1895,2012,5,yes,
coptosapelta parviflora,1909,1909,1,,
cordia dichotoma,1896,2012,8,yes,
cordia subcordata,1950,1950,1,yes,
cordiglottis filiformis,1892,1900,3,,
corymborkis veratrifolia,1879,1900,6,,
coscinium fenestratum,1890,2011,10,yes,
cotylelobium lanceolatum,1890,2007,5,,
cotylelobium melanoxylon,1953,1953,1,,
cratoxylum arborescens,1885,2011,14,yes,
cratoxylum cochinchinense,1821,2012,18,yes,
cratoxylum formosum,1949,2017,15,yes,
cratoxylum maingayi,1885,2010,21,yes,
crepidium micranthum,1889,1900,3,,
crepidomanes christii,1891,1929,3,,
crepidomanes humile,1890,1952,7,,
crepidomanes minutum,1894,1982,2,yes,
crepidomanes pallidum,1904,1904,1,,
crinum asiaticum,1889,2017,9,yes,
croton argyratus,1884,1896,5,,
croton caudatus,1885,2012,20,yes,yes
croton griffithii,1891,1891,1,yes,
croton heterocarpus,1924,1949,2,,
croton oblongus,1884,2013,35,yes,
crypteronia griffithii,1884,2008,11,,
cryptocarya caesia,1894,1894,1,,
cryptocarya ferrea,1892,2012,14,,
cryptocarya griffithiana,1878,2010,16,,
cryptocarya impressa,1893,1969,3,,
cryptocarya kurzii,1953,1953,1,,
cryptocarya nitens,2006,2009,2,,
cryptocarya rugulosa,1954,2010,5,,
cryptocoryne ciliata,1896,1974,2,yes,
cryptocoryne griffithii,1889,2013,12,yes,
cryptostylis arachnites,1894,1896,2,,
ctenolophon parvifolius,1937,2010,4,yes,
ctenopterella blechnoides,1889,1954,6,,
cyathea contaminans,2001,2001,1,,
cyathea glabra,1904,1954,5,,
cyathea latebrosa,1842,2010,15,yes,
cyathea squamulata,1822,2010,14,yes,
cyathea trichodesma,2009,2009,1,,
cyathocalyx ramuliflorus,1894,2009,18,yes,yes
cyathocalyx ridleyi,1842,2009,15,yes,
cyathocalyx sumatranus,1961,2009,4,,
cyathostemma viridiflorum,1891,2012,17,,
cyathula prostrata,1989,2012,6,yes,yes
cycas edentata,1892,2004,4,,
cyclea laxiflora,1890,2011,12,yes,
cyclosorus interruptus,1892,2010,9,yes,yes
cymbidium bicolor subsp. pubescens,1891,1896,3,yes,
cymbidium finlaysonianum,1889,2012,7,yes,
cynanchum ovalifolium,1890,2001,5,,
cynodon dactylon,1891,2011,11,yes,yes
cynometra ramiflora,1894,2005,5,,
cyperus compactus,1899,2002,3,,yes
cyperus digitatus,1941,2011,5,,yes
cyperus dubius,1885,1932,5,,yes
cyperus javanicus,1889,2013,7,,yes
cyperus malaccensis,1894,1948,3,,yes
cyperus procerus,1909,1955,3,,yes
cyperus radians,1889,1949,6,,yes
cyperus stoloniferus,1884,2013,15,,yes
cyperus tenuiculmis,1889,1900,3,,yes
cyrtandra pendula,1885,2012,8,yes,
cyrtococcum patens var. latifolium,1884,2008,11,,
cyrtosperma merkusii,1837,2009,11,yes,
cyrtostachys renda,1889,2017,9,yes,
cystorchis variegata,1889,2009,6,yes,
dacryodes costata,1939,2010,3,,
dacryodes incurvata,1940,1940,1,yes,
dacryodes laxa,1891,1996,7,yes,
dacryodes longifolia,2005,2008,2,yes,
dacryodes puberula,1936,1936,1,,
dacryodes rostrata,1884,2010,15,yes,
dacryodes rugosa,1976,2008,2,yes,
dactyloctenium aegyptium,1932,2012,4,,yes
daemonorops angustifolia,1890,1996,10,yes,
daemonorops didymophylla,1890,1996,11,yes,
daemonorops geniculata,1992,2005,2,,
daemonorops grandis,1889,2012,16,yes,
daemonorops hirsuta,1889,2008,16,yes,
daemonorops kunstleri,1889,1900,3,yes,
daemonorops leptopus,1889,1933,7,yes,
daemonorops lewisiana,1894,1894,1,,
daemonorops longipes,1889,1996,12,yes,
daemonorops micracantha,1900,1900,1,yes,
daemonorops periacantha,1890,1996,8,yes,
daemonorops sabut,1891,2012,5,yes,
dalbergia candenatensis,1880,2011,26,,yes
dalbergia havilandii,1894,1953,3,,
dalbergia hullettii,1885,1896,3,,
dalbergia junghuhnii,1885,2010,13,yes,
dalbergia parviflora,1939,2009,2,,
dalbergia rostrata,1822,2010,13,yes,yes
dalbergia velutina,1889,2010,6,yes,
dapania racemosa,1932,1953,2,yes,
daphniphyllum laurinum,1836,2005,10,,
davallia angustata,1822,1906,5,,
davallia denticulata,1842,2012,22,yes,yes
davallia heterophylla,1830,1944,15,,
davallia parvula,1813,1924,11,,
davallia pectinata,1822,1894,5,,
davallia repens,1822,1903,5,,
davallia solida,1858,2010,10,yes,
davallia triphylla,1894,1981,6,,
decaspermum fruticosum,1884,2013,25,yes,
dehaasia incrassata,1890,2009,5,yes,
dendrobium acerosum,1890,1911,4,,
dendrobium acutilingue,1891,1891,1,,
dendrobium aloifolium,1872,1949,10,yes,
dendrobium bancanum,1890,1899,3,,
dendrobium bifarium,1890,1891,2,,
dendrobium comatum,1889,1932,6,,
dendrobium crumenatum,1889,2017,12,yes,yes
dendrobium flexile,1893,1893,1,,
dendrobium fugax,1893,1893,1,,
dendrobium grande,1894,1894,1,,
dendrobium hendersonii,1959,1959,1,,
dendrobium indivisum,1827,1894,6,,
dendrobium indragiriense,1951,2002,2,,
dendrobium laciniosum,1891,1943,2,,
dendrobium lamellatum,1891,1913,3,,
dendrobium leonis,1889,1900,3,,
dendrobium lobatum,1889,1890,2,,
dendrobium lobbii,1889,2007,6,,
dendrobium microglaphys,1889,1894,3,,
dendrobium pachyphyllum,1889,2004,5,,
dendrobium pandaneti,1893,1919,3,,
dendrobium pensile,1889,1898,4,,
dendrobium planibulbe,1890,1897,3,,
dendrobium plicatile,1890,1900,4,,
dendrobium prostratum,1887,1932,5,,
dendrobium pulchellum,1890,1890,1,,
dendrobium revolutum,1900,1900,1,,
dendrobium salaccense,1892,1894,2,,
dendrobium secundum,1950,1950,1,,
dendrobium setifolium,1889,1889,1,,
dendrobium singaporense,1890,1892,2,,
dendrobium spurium,1889,1892,2,,
dendrobium stuposum,1889,1894,3,,
dendrobium subulatum,1890,1908,6,,
dendrobium villosulum,1889,1900,4,,
dendrobium xantholeucum,1890,1891,2,,
dendrochilum longifolium,1884,1892,3,,
dendrochilum pallidiflavens,1894,1894,1,,
dendrokingstonia nervosa,2010,2010,1,,
dendrolobium umbellatum,1822,2012,37,yes,yes
dendrophthoe pentandra,1884,2012,35,yes,yes
dendrotrophe buxifolia,1890,1894,3,,
dendrotrophe varians,1884,2007,16,,
deplanchea bancana,1889,2013,5,yes,
derris maingayana,1867,2013,17,yes,
derris scandens,1898,2011,10,,
derris trifoliata,1885,2011,36,yes,yes
desmos dasymaschalus,1822,2012,32,yes,
desmos dumosus,1894,2009,10,,
desmos dunalii,2007,2007,1,,
dialium indum,1894,2010,6,,
dialium platysepalum,1822,2010,18,yes,
dianella ensifolia,1822,2013,17,yes,yes
dichapetalum sordidum,1822,2011,6,yes,
dicranopteris curranii,1954,2009,3,yes,yes
dicranopteris linearis,1838,2010,17,yes,yes
didymocarpus platypus,1885,2012,13,yes,
didymoplexiella ornata,1908,1908,1,,
didymoplexis pallens,1889,1902,3,yes,
dienia ophrydis,1889,2011,9,,
digitaria bicornis,1890,2004,5,,yes
digitaria fuscescens,1890,2004,8,,yes
digitaria longiflora,1884,2003,3,,yes
digitaria mollicoma,1890,2003,9,,yes
dillenia excelsa,1890,2009,15,yes,
dillenia grandifolia,1937,2008,9,yes,
dillenia indica,1888,1993,5,,
dillenia pulchella,1890,1996,7,,
dillenia suffruticosa,1889,2017,33,yes,yes
dilochia wallichii,1822,1822,1,,
dimeria ornithopoda,1889,2004,7,,yes
dioscorea glabra,1823,2009,4,yes,
dioscorea hispida,1892,1949,5,,
dioscorea laurifolia,1890,2013,22,yes,yes
dioscorea orbiculata var. tenuifolia,1881,2011,6,yes,
dioscorea polyclados,1890,2010,10,yes,
dioscorea prainiana,1896,2009,9,,
dioscorea pyrifolia,1822,2004,21,yes,yes
dioscorea stenomeriflora,1894,1894,1,yes,
dioscorea tenuifolia,1891,1891,1,,
diospyros apiculata,1939,1939,1,,
diospyros argentea,1885,1996,6,yes,
diospyros buxifolia,1892,2010,12,yes,
diospyros confusa,1917,2010,4,,
diospyros coriacea,1894,2010,3,,
diospyros diepenhorstii,1890,1966,7,yes,
diospyros ferrea,1894,1894,1,,
diospyros lanceifolia,1831,2013,32,yes,yes
diospyros maingayi,1890,2010,10,,
diospyros oblonga,1889,2010,26,yes,
diospyros siamang,1933,1933,1,,
diospyros styraciformis,1867,2010,14,yes,
diospyros sumatrana,1893,2010,10,,
diospyros venosa,1891,2010,8,,
diplazium cordifolium,1822,1893,3,yes,
diplazium crenato-serratum,1842,2009,15,yes,
diplazium esculentum,1879,1975,6,,
diplazium kunstleri,1996,2005,2,,
diplazium malaccense,1880,2009,10,,
diplazium prescottianum,1822,2009,9,,
diplazium riparium,1850,1904,3,,
diplazium sorzogonense,1894,1929,6,,
diplazium tomentosum,1882,1983,8,,
diplectria divaricata,1884,2012,4,yes,
diplectria stipularis,1893,1954,2,,
diplectria viminalis,1889,2008,11,,
diplospora malaccensis,1893,2012,14,yes,
dipodium paludosum,1890,1910,3,,
dipodium scandens,1996,1996,1,,
dipteris conjugata,1862,2010,11,,
dipterocarpus caudatus subsp. penangianus,1894,2010,12,yes,
dipterocarpus chartaceus,2010,2012,2,,
dipterocarpus cornutus,1822,2009,8,yes,
dipterocarpus costulatus,1996,1996,1,,
dipterocarpus elongatus,1955,2010,8,,
dipterocarpus gracilis,1957,1957,1,,
dipterocarpus grandiflorus,1900,2005,6,yes,
dipterocarpus kerrii,1921,2004,8,,
dipterocarpus kunstleri,1955,2010,11,yes,
dipterocarpus palembanicus,1957,1957,1,,
dipterocarpus sublamellatus,1890,2010,10,yes,
dipterocarpus tempehes,2005,2009,3,yes,
dischidia acutifolia,1900,1900,1,yes,
dischidia albida,1900,1900,1,,
dischidia albiflora,1884,1918,4,,
dischidia bengalensis,1890,1965,4,,
dischidia cochleata,1889,1965,8,,
dischidia complex,1933,1933,1,,
dischidia hirsuta,1889,2013,6,,
dischidia major,1822,2011,24,yes,yes
dischidia nummularia,1884,2012,25,yes,yes
dischidia singaporensis,1908,1908,1,,
dissochaeta annulata,1889,2011,6,,
dissochaeta celebica,1887,2013,12,yes,
dissochaeta gracilis,1884,2010,12,yes,
dissochaeta pallida,1884,2012,13,,
dissochaeta punctulata,1884,2010,11,,
dolichandrone spathacea,1891,2011,20,yes,
donax canniformis,1883,2008,9,yes,
dracaena brachystachys,1899,2011,2,,
dracaena cantleyi,1822,2010,17,yes,
dracaena elliptica,1836,2008,6,,
dracaena granulata,1880,1902,4,yes,
dracaena maingayi,1885,2007,15,yes,
dracaena porteri,1880,2010,14,yes,yes
dracaena singapurensis,1892,2010,4,,
dracaena umbratica,1836,2012,8,,
drynaria quercifolia,1822,2012,16,yes,yes
drynaria sparsisora,1862,2009,6,yes,yes
drypetes crassipes,1894,2008,2,,
drypetes laevis,2010,2010,1,,
drypetes longifolia,2003,2003,1,,
drypetes pendula,1894,2009,8,yes,
durio griffithii,1949,2005,3,yes,
durio singaporensis,1953,2008,6,yes,
dyera costulata,1882,2003,14,yes,yes
dysoxylum acutangulum,1892,2008,2,,
dysoxylum alliaceum,1890,2009,7,,
dysoxylum carolinae,1937,1938,2,,
dysoxylum cauliflorum,1885,2011,27,yes,
dysoxylum cyrtobotryum,1893,1996,4,,
dysoxylum densiflorum,1897,1993,2,,
dysoxylum excelsum,1889,2010,7,,
dysoxylum flavescens,1884,1999,7,,
dysoxylum grande,1958,2007,2,,
echinochloa picta,1883,1883,1,,
elaeocarpus acmosepalus,1981,2013,7,yes,
elaeocarpus ferrugineus,1824,2010,25,yes,yes
elaeocarpus floribundus,1822,2008,10,,
elaeocarpus griffithii,1822,2013,14,,
elaeocarpus macrocerus,1893,1961,2,,
elaeocarpus mastersii,1881,2011,41,yes,yes
elaeocarpus nitidus,1890,2011,18,,
elaeocarpus obtusus subsp. apiculatus,1893,2010,12,yes,
elaeocarpus palembanicus,1884,2011,7,yes,
elaeocarpus pedunculatus,1822,2004,24,yes,yes
elaeocarpus petiolatus,1838,2013,37,yes,yes
elaeocarpus polystachyus,1822,2009,26,yes,
elaeocarpus salicifolius,1881,2013,16,yes,
elaeocarpus stipularis,1881,2009,28,yes,
elaphoglossum amblyphyllum,1893,1907,2,,
eleiodoxa conferta,1891,2012,8,yes,
eleocharis dulcis,1879,2002,10,,yes
eleocharis spiralis,1924,1924,1,,yes
elettariopsis curtisii,1890,1995,9,yes,
ellipanthus tomentosus,1893,2012,12,yes,
ellipeia cuneifolia,1893,2009,2,,
elytranthe albida,1896,1896,1,,
elytranthe arnottiana,1896,1951,2,,
embelia canescens,1889,2011,18,yes,
embelia lampanii,1884,1992,13,,yes
embelia ribes,1838,2010,32,yes,yes
endiandra maingayi,1933,2008,2,,
endocomia canarioides,1894,2009,3,yes,
endospermum diadenum,1893,2010,11,yes,
engelhardtia serrata,1889,1900,3,,
enkleia malaccensis,1993,2011,6,yes,
entada rheedii,1890,2004,3,,
entada spiralis,1884,2017,30,yes,yes
epigynum ridleyi,1982,1982,1,,
epipremnum giganteum,1822,2012,12,yes,yes
epipremnum pinnatum,1822,2013,5,yes,
eragrostis atrovirens,1906,2011,12,yes,yes
eragrostis cumingii,1884,2001,9,,
eragrostis gangetica,1951,1951,1,,
eragrostis montana,1884,2011,4,,yes
eragrostis unioloides,1838,2012,20,,yes
eria javanica,1891,1893,2,,
eria longirepens,1890,1891,2,,
eria neglecta,1890,1891,2,,
eria nutans,1884,1911,4,,
eria robusta,1889,1894,3,,
eriachne pallescens,1886,2004,12,,
eriocaulon truncatum,1890,2013,9,,
eriocaulon wildenovianum,1853,2004,15,,
erycibe festiva,1885,2010,3,,
erycibe griffithii,1993,1993,1,yes,
erycibe leucoxyloides,1889,2009,13,yes,
erycibe maingayi,1937,1973,5,,
erycibe malaccensis,1888,2010,8,,
erycibe tomentosa,1881,2012,36,yes,yes
erythropalum scandens,1890,2013,19,yes,
erythroxylum cuneatum,1889,2006,19,yes,yes
etlingera maingayi,1891,2005,5,yes,
etlingera punicea,1891,1981,2,yes,
eulophia spectabilis,1889,2011,11,,
euonymus javanicus,1884,1992,4,,
euphorbia atoto,1893,2004,11,,
eurya acuminata,1917,2012,19,yes,yes
eurycoma longifolia,1822,2016,25,yes,
eustachys tenera,1898,1964,2,,
euthemis leucocarpa,1823,1894,2,,
euthemis minor,1822,1822,1,,
evolvulus alsinoides,1890,1891,2,,yes
excoecaria agallocha,1890,2003,24,yes,yes
fagraea auriculata,1822,2013,15,,
fagraea fragrans,1884,2016,28,yes,yes
fagraea ridleyi,1889,1965,10,,
fagraea splendens,1822,2012,8,,
fernandoa adenophylla,1882,1995,2,,
fibraurea tinctoria,1889,2009,33,yes,yes
ficus acamptophylla,1906,1906,1,,
ficus annulata,1892,1965,5,,
ficus apiocarpa,1886,2011,15,yes,
ficus aurata,1884,2010,31,yes,
ficus binnendijkii,1891,2012,7,yes,
ficus botryocarpa,1890,1957,6,,
ficus bracteata,1822,1962,6,,
ficus callophylla,1904,1904,1,,
ficus caulocarpa,1932,2008,9,yes,yes
ficus chartacea,1884,2013,25,yes,
ficus consociata,1878,2010,28,yes,
ficus crassiramea,1886,2008,7,yes,
ficus delosyce,1940,2013,4,yes,
ficus deltoidea,1885,2006,10,yes,
ficus dubia,1892,1959,9,,
ficus excavata,2011,2011,1,,
ficus fistulosa,1890,2016,22,yes,yes
ficus glandulifera,1891,2012,12,yes,
ficus globosa,1889,2012,26,yes,
ficus grossularioides,1884,2011,29,yes,yes
ficus heteropleura,1884,2004,19,yes,yes
ficus kerkhovenii,1890,2007,15,yes,
ficus laevis,1885,1998,5,yes,
ficus lamponga,1935,1994,5,,
ficus microcarpa,1892,2011,30,yes,yes
ficus microsyce,1884,2012,18,yes,
ficus obscura var. borneensis,1885,2013,16,yes,
ficus pallescens,1889,1978,11,,
ficus pellucidopunctata,1940,2012,2,,
ficus pisocarpa,1836,1981,3,yes,
ficus punctata,1830,2010,19,yes,yes
ficus recurva var. ribesioides,1822,2012,13,yes,
ficus retusa,1876,1995,2,yes,
ficus sagittata,1885,2012,18,yes,
ficus schwarzii,2010,2010,1,yes,
ficus scortechinii,1893,2011,6,,
ficus sinuata,1934,2012,10,yes,
ficus spathulifolia,1998,1998,1,,
ficus subgelderi,1890,1990,7,yes,
ficus sumatrana,1891,1982,11,,
ficus sundaica,1992,2012,3,yes,
ficus superba,1973,2016,14,yes,
ficus trichocarpa,1932,2010,8,yes,
ficus variegata,1890,2003,6,yes,yes
ficus vasculosa,1879,2011,20,yes,
ficus villosa,1894,2013,14,yes,
ficus virens,1889,2003,6,yes,
ficus xylophylla,1822,1940,6,yes,
fimbristylis complanata,1889,2011,6,,yes
fimbristylis cymosa,1890,2013,13,,yes
fimbristylis dura,1892,2001,3,,
fimbristylis ferruginea,1889,2005,15,,yes
fimbristylis leptoclada,1890,1949,6,,yes
fimbristylis nutans,1893,1903,2,,
fimbristylis pauciflora,1832,2005,12,,
fimbristylis polytrichoides,1981,1981,1,,
finlaysonia obovata,1900,2012,13,yes,
fissistigma fulgens,1822,2010,16,yes,
fissistigma lanuginosum,1822,2010,11,,
fissistigma latifolium var. ovoideum,1889,2010,17,yes,
fissistigma manubriatum,1822,2011,13,,
flacourtia rukam,1890,2013,28,yes,
flagellaria indica,1884,2012,20,yes,yes
floscopa scandens,1886,1904,3,,yes
freycinetia angustifolia,1889,2012,11,,
freycinetia confusa,1894,1936,2,,
freycinetia corneri,1943,1943,1,,
freycinetia javanica,1890,2012,8,,
freycinetia sumatrana,1899,2012,6,,yes
friesodielsia biglandulosa,1896,2010,10,,
friesodielsia borneensis,1894,2013,8,,
friesodielsia excisa,1894,2000,3,,
friesodielsia glauca,1932,2013,8,,
friesodielsia latifolia,1890,2010,14,yes,yes
gaertnera grisea,1822,2010,12,yes,
gaertnera obesa,1822,2012,19,yes,
gaertnera vaginans,1822,1822,1,,
gaertnera viminea,1822,1992,4,yes,
gahnia tristis,1883,2012,14,,yes
galearia fulva,1836,2013,35,yes,
galearia maingayi,1936,1978,4,yes,
galeola nudifolia,1822,2007,7,,
garcinia atroviridis,1900,2011,4,yes,
garcinia bancana,1889,1895,4,,
garcinia forbesii,1892,2012,20,yes,
garcinia griffithii,1890,2012,24,yes,
garcinia hombroniana,1841,2007,17,yes,
garcinia maingayi,1992,2003,2,,
garcinia nervosa,1894,2012,8,,
garcinia nigrolineata,1890,2010,16,,
garcinia parvifolia,1822,2012,29,yes,yes
garcinia rostrata,1890,2010,23,yes,
garcinia scortechinii,1892,2010,16,yes,
gardenia griffithii,1888,1891,3,,
gardenia subcarinata,1889,2010,11,yes,
gardenia tubifera,1836,1938,7,,
gastrodia javanica,1889,2011,7,,
genianthus maingayi,1867,1887,3,,
geophila pilosa,1890,1917,3,,
geophila repens,1997,2011,4,yes,
gironniera nervosa,1881,2012,23,yes,yes
gironniera parvifolia,1892,2012,24,yes,
gironniera subaequalis,1884,2009,14,yes,
gleichenia truncata,1985,2017,4,yes,
globba leucantha,1884,2012,23,yes,
globba pendula,1822,1950,6,yes,
glochidion borneense,1881,2012,12,,
glochidion glomerulatum,1897,1897,1,,
glochidion kunstlerianum,1961,1961,1,,
glochidion littorale,1884,2010,12,,
glochidion lutescens,1884,2013,25,yes,
glochidion obscurum,1900,2017,4,,
glochidion rubrum,1886,2011,17,,
glochidion sericeum,1884,1982,7,,
glochidion singaporense,1884,2010,13,,
glochidion superbum,1881,2013,27,yes,yes
glochidion zeylanicum var. arborescens,1861,2007,20,,
gluta wallichii,1884,2010,26,yes,yes
glycosmis chlorosperma,1884,2012,21,yes,
glyptopetalum quadrangulare,1892,1892,1,,
gmelina asiatica,1861,1996,5,,yes
gmelina elliptica,1862,2012,13,,
gmelina philippensis,1892,1924,3,,
gnetum gnemon,1884,2012,20,yes,
gnetum gnemonoides,1887,2013,10,,
gnetum latifolium var. funiculare,1890,2010,7,,
gnetum macrostachyum,1885,2013,15,yes,
gnetum microcarpum,1888,2012,20,yes,
gomphandra quadrifida var. ovalifolia,1889,2012,30,yes,
goniophlebium percussum,1884,2012,9,yes,
goniothalamus macrophyllus,1891,2010,11,,
goniothalamus malayanus,1890,2012,8,,
goniothalamus ridleyi,1892,1962,11,yes,
goniothalamus tapis,1894,2012,9,yes,
gonocaryum gracile,1884,2013,14,yes,
gonystylus affinis,2007,2007,1,,
gonystylus confusus,1894,2013,17,yes,
gonystylus maingayi,1900,1961,4,,
gordonia multinervis,1939,2010,5,yes,
gordonia penangensis,1892,2008,7,yes,
gordonia singaporeana,1822,2008,14,yes,
grammatophyllum speciosum,1890,1918,2,,
grenacheria amentacea,2008,2010,3,yes,
grenacheria fulva,1982,1982,1,,
grewia laevigata,1883,2013,23,yes,
guettarda speciosa,1822,2012,17,,
guioa pleuropteris,1867,2011,27,yes,
guioa pubescens,1884,2011,33,yes,
gymnacranthera bancana,1822,1993,10,yes,
gymnacranthera farquhariana,1822,2010,20,yes,
gymnacranthera forbesii,1884,2010,22,yes,
gymnanthera oblonga,1983,2012,9,,yes
gymnosiphon aphyllus,1893,1893,1,,
gynochthodes coriacea,1981,2011,4,yes,
gynochthodes sublanceolata,1822,2013,42,yes,yes
gynotroches axillaris,1838,2013,44,yes,yes
gynura procumbens,1890,1993,7,,
habenaria rhodocheila,1904,1904,1,,
hackelochloa granularis,1949,1949,1,,
hancea penangensis,1893,2010,8,yes,
hedyotis auricularia,1890,1955,5,,yes
hedyotis capitellata,1992,1993,2,yes,
hedyotis pinifolia,1950,2003,11,yes,
helicia excelsa,1953,2010,5,,
helixanthera coccinea,1899,1899,1,,
heritiera borneensis,1937,2004,4,yes,
heritiera elata,1894,2010,7,yes,
heritiera littoralis,1886,2012,29,yes,
heritiera simplicifolia,1894,2005,8,yes,
hernandia nymphaeifolia,2003,2003,1,,
hetaeria nitida,1895,1897,3,,
hetaeria obliqua,1890,2012,6,,
heterogonium sagenioides,1894,1954,5,yes,
heteropogon contortus,1936,1957,4,,yes
hiptage sericea,1891,1894,3,,
histiopteris incisa,1895,1994,5,,
homalium grandiflorum,1894,2004,11,yes,
homalomena deltoidea,1889,2003,2,,
homalomena griffithii,1887,1993,11,,
homalomena humilis var. pumila,1889,1981,10,,
homalomena pendula,1890,1890,1,,
homalomena rostrata,1889,1965,8,,
hopea dryobalanoides,1918,1918,1,,
hopea ferruginea,2005,2009,3,yes,
hopea griffithii,1937,2010,10,yes,
hopea mengarawan,1893,2010,13,yes,
hopea sangal,1894,2009,6,yes,
hornstedtia conica,1900,2010,3,,
hornstedtia leonurus,1889,2010,9,yes,
hornstedtia scyphifera,1884,2011,12,yes,
horsfieldia brachiata,1893,2006,5,,
horsfieldia crassifolia,1822,2010,26,yes,
horsfieldia grandis,1881,2005,5,yes,
horsfieldia irya,1897,1992,10,,
horsfieldia polyspherula,1886,2013,25,yes,
horsfieldia punctatifolia,1953,2010,7,yes,
horsfieldia sucosa,1884,2009,17,yes,
horsfieldia superba,1899,2004,8,yes,
horsfieldia wallichii,1884,2009,8,yes,
hoya caudata,2013,2017,2,,
hoya coriacea,1893,1897,2,,
hoya coronaria,1889,1919,6,yes,
hoya diversifolia,1889,2010,16,,
hoya finlaysonii,1836,1836,1,,
hoya lacunosa,1889,1978,7,,
hoya latifolia,1884,2012,17,yes,
hoya obtusifolia,1894,1914,3,yes,
hoya revoluta,1822,1906,2,,
hoya scortechinii,2006,2013,2,,
hoya verticillata,1889,2012,32,yes,yes
hoya wallichii,1822,1894,5,,
hullettia dumosa,1959,1959,1,,
huperzia carinata,1836,2010,8,,
huperzia nummulariifolia,1889,1914,2,,
huperzia phlegmaria,1889,2012,8,yes,
huperzia squarrosa,1887,1924,5,,
hydnophytum formicarum,1889,2006,11,yes,
hydrocotyle sibthorpioides,1889,2011,5,,yes
hydrostemma kunstleri,1892,2009,5,,
hylophila mollis,1822,1996,10,,
hymenachne amplexicaulis,2002,2004,2,,yes
hymenophyllum acanthoides,1903,1924,7,,
hymenophyllum denticulatum,1888,1908,6,,
hymenophyllum polyanthos,1888,1926,10,,
hymenophyllum serrulatum,1890,1910,3,,
hypobathrum coniferum,1897,1899,2,,
hypolytrum nemorum var. proliferum,1861,2012,23,yes,yes
hypserpa nitida,1894,2012,9,yes,
iguanura geonomiformis,1850,2012,10,yes,
ilex cymosa,1884,2012,28,yes,yes
ilex latifolia,1884,2010,15,,
ilex maingayi,1885,1885,1,,
illigera trifoliata,1900,1900,1,,
imperata conferta,1838,2004,6,,yes
indigofera zollingeriana,1949,2011,4,,
indorouchera griffithiana,1830,2012,30,yes,yes
intsia bijuga,1822,2011,28,,
intsia palembanica,1992,2009,3,,
iodes cirrhosa,1992,1992,1,,
iodes ovalis,1893,2012,17,yes,
iodes velutina,1891,2005,3,yes,yes
ipomoea littoralis,1909,1956,3,,yes
ipomoea marginata,1894,1998,4,,yes
ipomoea mauritiana,1885,2011,7,yes,yes
ipomoea obscura,1953,2001,4,,yes
ipomoea pes-caprae,1890,2012,19,yes,yes
ipomoea pes-tigridis,1997,2013,7,yes,yes
ipomoea violacea,1950,2012,4,yes,yes
irvingia malayana,1892,2010,12,yes,
isachne kunthiana,1889,2008,10,,yes
isachne minutula,1891,2004,8,,yes
ischaemum magnum,1878,2012,18,,yes
ischaemum muticum,1822,2011,18,yes,yes
ixonanthes icosandra,1884,2012,18,yes,
ixonanthes reticulata,1822,2010,21,yes,yes
ixora concinna,1822,1822,1,,
ixora congesta,1822,2012,17,yes,yes
ixora grandifolia,1822,2007,4,,
ixora lobbii,1850,2008,6,yes,
ixora pendula,1832,2012,15,yes,
ixora umbellata,1950,2010,3,,
jackiopsis ornata,1822,2005,4,,
jasminum elongatum,1850,2013,28,yes,
jasminum griffithii,1893,1900,3,,
jasminum longipetalum,1900,1900,1,,
justicia quadrifaria,1889,1889,1,,
justicia vasculosa,1889,1995,10,,
kadsura scandens,1894,2013,7,yes,
kandelia candel,1998,2012,3,,
kibara coriacea,1884,2009,3,,
kibatalia maingayi,1956,2013,6,yes,
kleinhovia hospita,1822,1961,3,yes,
knema communis,1894,2013,16,yes,
knema conferta,1867,2012,17,yes,
knema curtisii,1891,2010,6,yes,
knema furfuracea,1884,2003,6,yes,
knema glaucescens,1954,2010,6,yes,
knema globularia,1822,2011,15,yes,
knema hookeriana,1881,2010,16,yes,
knema intermedia,1884,2010,20,yes,
knema latericia,1881,2013,30,yes,
knema laurina,1884,2012,18,yes,
knema malayana,1884,2013,19,yes,
knema rubens,1893,1955,3,,
koilodepas longifolium,1884,2010,19,yes,
kokoona reflexa,1940,2010,5,yes,
koompassia malaccensis,1892,2011,15,yes,
kopsia singapurensis,1884,2012,27,yes,
korthalsia echinometra,1889,2012,12,yes,
korthalsia flagellaris,1996,1996,1,yes,
korthalsia laciniosa,1894,1954,4,,
korthalsia rigida,1894,1999,11,yes,
korthalsia rostrata,1892,1999,8,yes,
korthalsia scortechinii,1890,1956,4,,
kunstleria ridleyi,1894,2012,12,yes,
labisia pumila,1822,2013,25,yes,
lasia spinosa,1822,2009,4,yes,
lasianthus appressus,1992,2013,2,,
lasianthus attenuatus,1957,2012,11,yes,
lasianthus constrictus,1978,2012,4,,
lasianthus cyanocarpus,1966,2007,5,,
lasianthus ellipticus,1906,2010,4,,
lasianthus griffithii,1982,1982,1,,
lasianthus maingayi,1896,1982,4,,
lasianthus perakensis,1906,1906,1,,
lasianthus ridleyi,1897,2010,10,,
lasianthus stipularis,1887,1906,5,,
lasianthus tomentosus,1889,2010,7,,
lecananthus erubescens,1822,1822,1,yes,
lecanopteris crustacea,1894,1908,2,yes,
lecanopteris sinuosa,1877,2004,8,yes,yes
lecanorchis malaccensis,1882,2010,6,,
leea aequata,1889,1997,3,,
leea angulata,1899,2010,9,yes,
leea indica,1883,2010,22,yes,yes
leea rubra,1893,2016,7,yes,
lemna tenera,1899,1949,3,,yes
lepionurus sylvestris,1885,2013,11,yes,
lepironia articulata,1889,1900,3,yes,
lepisanthes fruticosa,1940,2008,2,,
lepisanthes rubiginosa,1884,2009,11,yes,yes
lepisanthes senegalensis,1996,1997,2,,
lepisorus longifolius,1892,1925,4,,
lepturus repens,1929,2003,6,,yes
leuconotis griffithii,1867,2013,23,yes,
licania splendens,1884,2005,22,yes,yes
licuala ferruginea,1837,2005,13,yes,
licuala spinosa,1884,2016,15,yes,
licuala triphylla,1894,1900,2,,
lijndenia laurina,1970,2010,4,,
limacia oblonga,2003,2003,1,,
limacia scandens,1822,2012,26,yes,
lindera lucida,1876,2010,29,yes,
lindernia anagallis,1890,1955,5,,yes
lindsaea borneensis,1889,1909,3,,
lindsaea cultrata,1822,2010,2,yes,
lindsaea divergens,1892,2010,3,yes,
lindsaea doryphora,1889,1891,2,,
lindsaea ensifolia,1836,2013,17,yes,yes
lindsaea orbiculata,1822,1829,2,,
lindsaea parallelogramma,1822,1898,6,,
lindsaea parasitica,1829,2012,8,,
lindsaea repens var. pectinata,1893,1893,1,,
lindsaea walkerae,1892,1948,5,,
linostoma pauciflorum,1843,2011,17,,
liparis barbata,1933,1933,1,yes,
liparis elegans,1889,1891,3,,
liparis ferruginea,1889,1899,5,yes,
liparis tricallosa,1890,1890,1,,
lipocarpha chinensis,1866,1949,7,,yes
lithocarpus bennettii,1892,2012,11,yes,
lithocarpus cantleyanus,1884,2003,10,yes,
lithocarpus conocarpus,1881,2010,22,yes,
lithocarpus elegans,1836,2011,12,yes,
lithocarpus encleisocarpus,1889,2012,13,yes,
lithocarpus ewyckii,1884,2011,16,yes,
lithocarpus hystrix,1884,1997,9,,
lithocarpus lucidus,1884,2012,14,yes,
lithocarpus sundaicus,1954,1969,6,,
lithocarpus wallichianus,1889,2011,6,,
litsea accedens,1884,2010,33,yes,
litsea castanea,1936,2010,8,yes,
litsea cordata,1895,2004,3,yes,
litsea costalis,1894,2011,4,,
litsea costata,1983,1983,1,,
litsea elliptica,1884,2012,27,yes,yes
litsea erectinervia,1884,2010,4,,
litsea ferruginea,1894,1940,4,yes,
litsea firma,1894,2014,23,yes,
litsea gracilipes,1954,1970,3,,
litsea grandis,1884,2012,26,yes,
litsea lanceolata,1893,1893,1,,
litsea lancifolia,1884,2011,9,yes,
litsea machilifolia,1953,2010,10,,
litsea myristicifolia,1831,2005,10,,
litsea resinosa,2003,2012,3,,
litsea umbellata,2002,2013,4,,
lobelia zeylanica,1890,2013,5,,yes
loeseneriella macrantha,1890,2012,6,,
lomariopsis lineata,1900,2010,4,,
lophatherum gracile,1890,2010,10,,yes
lophopetalum multinervium,1893,2011,4,,
lophopetalum pallidum,2009,2009,1,,
lophopetalum wightianum,1892,2010,8,yes,
lumnitzera littorea,1885,2011,37,yes,
lumnitzera racemosa,1941,2012,16,yes,
luvunga crassifolia,1893,2010,11,yes,
lycopodiella cernua,1830,2011,22,yes,yes
lygodium flexuosum,1884,2010,11,yes,yes
lygodium longifolium,1822,2010,20,yes,
lygodium microphyllum,1838,2013,27,yes,yes
lygodium salicifolium,1841,2009,4,yes,yes
macaranga bancana,1884,2013,21,yes,yes
macaranga conifera,1884,2012,19,yes,yes
macaranga gigantea,1884,2003,10,yes,yes
macaranga griffithiana,1884,2013,12,yes,
macaranga heynei,1881,2003,24,yes,yes
macaranga hullettii,1884,2002,5,yes,
macaranga hypoleuca,1881,2002,14,yes,yes
macaranga lowii,1892,2010,13,yes,
macaranga puncticulata,1932,1932,1,,
macaranga recurvata,1890,2010,12,yes,
macaranga trichocarpa,1884,2005,27,yes,
machaerina rubiginosa,1893,1900,3,,
maclurodendron porteri,1884,2003,13,yes,
macodes petola,1894,1894,1,,
macrolenes echinulata,1831,2010,21,,
macrosolen cochinchinensis,1881,2011,35,yes,yes
macrosolen papillosus,1891,1891,1,,
macrosolen retusus,1881,2012,22,yes,yes
madhuca decipiens,1894,2011,4,,
madhuca kingiana,1894,2010,15,yes,
madhuca korthalsii,2008,2008,1,,
madhuca malaccensis,1891,2009,9,,
madhuca motleyana,1894,1900,2,,
madhuca sericea,1884,1953,3,,
madhuca sessilis,1893,1893,1,,
maesa ramentacea,1837,2012,36,yes,yes
magnolia elegans,1892,2009,7,yes,
magnolia maingayi,1900,1975,5,yes,
magnolia singapurensis,1889,2010,21,yes,
magnolia villosa,1939,2003,10,,
mallotus macrostachyus,1884,1892,3,,
mallotus paniculatus,1838,2013,22,yes,yes
mangifera caesia,1885,2012,9,yes,
mangifera foetida,1890,2012,10,yes,
mangifera gracilipes,2009,2009,1,,
mangifera griffithii,1893,2003,4,yes,
mangifera lagenifera,1884,1995,2,,
mangifera magnifica,1940,2003,2,yes,
mangifera odorata,1902,2011,6,yes,
mangifera paludosa,1933,1933,1,,
mangifera quadrifida,1938,2004,4,yes,
mangifera subsessilifolia,1931,2014,4,,
mapania bancana,1837,1970,9,,
mapania cuspidata,1884,2013,10,yes,
mapania enodis,1889,1894,2,,
mapania kurzii,1890,2005,7,,
mapania longiflora,1941,1941,1,,
mapania lorea,1890,1918,2,,
mapania palustris,1889,1981,6,,
mapania squamata,1894,1903,3,yes,
mapania wallichii,1837,1943,4,,
maranthes corymbosa,1886,2007,14,yes,
margaritaria indica,2012,2012,1,yes,
marsdenia maingayi,1904,2012,2,yes,
mastixia pentandra,1970,1970,1,,
mastixia trichotoma var. maingayi,1867,2008,6,,
matthaea sancta,1822,2012,19,yes,
maytenus emarginata,1992,1992,1,,
medinilla crassifolia,1889,1909,5,,
megistostigma glabratum,1853,1907,2,,
meiogyne virgata,1885,1995,10,,
melaleuca cajuputi,1955,2012,6,,
melanochyla angustifolia,2004,2004,1,yes,
melanochyla auriculata,1892,1954,4,yes,
melanochyla bracteata,1940,1953,2,,
melanochyla caesia,1940,2008,3,yes,
melastoma malabathricum,1837,2016,32,yes,yes
melicope glabra,1888,2011,17,,
melicope hookeri,1867,2003,9,,
melicope latifolia,1924,2009,2,,
melicope lunu-ankenda,1883,2010,23,yes,
meliosma lanceolata,1884,2008,10,,
meliosma pinnata,1884,2010,14,yes,
meliosma simplicifolia,1853,2012,9,,
melodinus orientalis,1838,1929,3,,
memecylon acuminatum,1892,2010,6,,
memecylon amplexicaule,1884,2010,11,yes,
memecylon caeruleum,1822,2008,9,,
memecylon campanulatum,1938,2010,4,,
memecylon cantleyi,1884,2009,11,yes,
memecylon edule,1831,2017,20,,
memecylon excelsum,1981,1981,1,yes,
memecylon floridum,1894,1940,3,yes,
memecylon fruticosum,2003,2010,3,,
memecylon garcinioides,1893,2010,9,,
memecylon globosum,1895,1895,1,,
memecylon lancifolium,1892,1900,2,,
memecylon lilacinum,1831,2014,20,yes,
memecylon minutiflorum,1898,1963,3,,
memecylon oleifolium,1884,1907,3,,
memecylon ovatum,1898,2011,8,,
memecylon paniculatum,1941,2011,7,yes,
memecylon pseudomegacarpum,1892,2003,14,,
memecylon pubescens,1899,2009,5,,
merope angulata,1893,2003,12,,
merremia hederacea,1890,2011,13,yes,yes
mesophlebion chlamydophorum,1881,2010,14,yes,
mesophlebion crassifolium,1899,2003,4,,
mesophlebion motleyanum,1904,1907,3,yes,
mesua elegans,2001,2003,2,,
mezzettia parviflora,1884,1953,7,,
micrechites serpyllifolius,1994,2012,5,yes,
micrococca mercurialis,1899,2002,6,,yes
microcos blattaefolia,1904,2010,8,yes,
microcos globulifera,1894,1939,3,yes,
microcos hirsuta,1892,2009,8,yes,
microdesmis caseariifolia,1892,2012,14,yes,yes
microlepia speluncae,1842,2012,10,yes,yes
micropera fuscolutea,1889,1941,2,,
microsaccus griffithii,1894,1894,1,,
microsaccus javensis,1889,1909,4,,
microsorum punctatum,1880,2011,12,yes,yes
miliusa longipes,1890,1909,5,,
millettia xylocarpia,1893,1897,2,,
mischocarpus pentapetalus,1894,1894,1,,
mischocarpus sundaicus,1822,2003,14,,
mitrella kentii,1889,2010,18,yes,yes
mitrephora teysmannii,2010,2010,1,,
mnesithea glandulosa,1887,2003,9,,
molineria capitulata,1896,1995,3,yes,
molineria latifolia,1822,2010,14,yes,
monocarpia marginalis,2009,2015,3,yes,
monogramma dareicarpa,1904,1906,2,,
monoon borneense,1889,2011,12,,
morella esculenta,1822,2010,35,yes,yes
morinda citrifolia,1883,2017,13,,
morinda ridleyi,1894,2010,7,,
morinda rigida,1892,2012,8,,
morinda umbellata,1838,2012,25,yes,yes
mucuna acuminata,1900,1900,1,,
mucuna gigantea,1898,1958,2,,
murdannia vaginata,1898,1898,1,,yes
mussaenda glabra,1830,2013,14,yes,
mussaendopsis beccariana,1992,2010,3,,
mycaranthes obliqua,1889,1911,5,,
mycaranthes pannea,1889,1897,3,,
mycetia malayana,1900,1900,1,,
myrialepis paradoxa,1888,1996,13,yes,
myristica cinnamomea,1891,2010,14,yes,
myristica crassa,1953,2010,4,,
myristica elliptica,1822,2013,21,yes,
myristica iners,1934,1961,5,yes,
myristica lowiana,1894,2012,8,yes,
myristica maingayi,1932,2010,5,yes,
myristica maxima,1892,2010,8,yes,
myrmecodia tuberosa,1892,1900,4,,
nageia wallichiana,2013,2013,1,,
nauclea officinalis,1884,2011,14,yes,
nauclea subdita,1921,1976,5,,
neesia altissima,1941,1941,1,,
neesia malayana,1892,2011,7,yes,
neesia synandra,1890,1992,10,yes,
nenga pumila var. pachystachya,1889,2012,16,yes,
neolitsea cassia,1884,2011,17,yes,
neoscortechinia kingii,2007,2015,3,,
neoscortechinia philippinensis,2008,2008,1,,
neoscortechinia sumatrensis,1981,2010,8,yes,
nepenthes ampullaria,1838,2011,35,yes,
nepenthes gracilis,1884,2017,41,yes,yes
nepenthes rafflesiana,1819,2007,27,yes,
nephelaphyllum pulchrum,1933,1995,4,yes,
nephelium cuspidatum,1881,2010,8,yes,
nephelium lappaceum,1822,2015,25,yes,
nephelium laurinum,1836,2009,9,yes,
nephelium maingayi,1890,2011,10,yes,
nephelium ramboutan-ake,1884,2008,6,,
nephrolepis acutifolia,1822,1955,10,yes,
nephrolepis falcata,1881,1918,2,,yes
nephrolepis radicans,1892,1955,3,,yes
nervilia punctata,1891,1907,3,,
neuropeltis racemosa,1822,1990,2,,
neuwiedia griffithii,1891,1992,5,,
neuwiedia singapureana,1822,1822,1,,
neuwiedia veratrifolia,1894,1993,3,,
neuwiedia zollingeri,1892,1892,1,,
norrisia maior,1884,2010,8,,
nothaphoebe umbelliflora,1884,2010,13,yes,yes
nothocissus spicifera,1884,2011,15,yes,
nothocnide mollissima,1892,1892,1,,
nymphoides indica,1890,1992,7,yes,
nypa fruticans,1892,2017,6,yes,
oberonia ciliolata,1889,1899,6,,
oberonia dissitiflora,1890,1918,4,,
oberonia lunata,1889,1889,1,,
oberonia lycopodioides,1898,1900,2,,
oberonia stenophylla,1890,1930,2,,
ochanostachys amentacea,1891,2008,18,yes,
ochrosia oppositifolia,1822,1986,2,,
ochthocharis javanica,1831,1948,13,,
oldenlandia affinis,1930,2004,12,,
oldenlandia prostrata,1830,2010,11,yes,
olea brachiata,1838,2012,15,yes,
oncosperma horridum,1890,2012,8,yes,
oncosperma tigillarium,1889,2003,10,yes,
ophioglossum nudicaule,1889,1938,3,,yes
ophioglossum pendulum,1903,2011,4,yes,
ophioglossum reticulatum,1892,2014,3,yes,yes
ophiorrhiza singaporensis,1883,2012,15,yes,
orania sylvicola,1891,1933,2,yes,
ormocarpum cochinchinense,1898,2007,4,,
ormosia bancana,1889,2010,15,yes,
ormosia macrodisca,1890,2004,2,,
ormosia sumatrana,1891,1899,3,,
osmelia maingayi,1898,1977,2,,
osmelia philippina,1884,2013,19,yes,
ottochloa nodosa,1889,2004,9,yes,yes
oxyceros drupaceus,1894,2010,2,,
oxyceros fragrantissimus,1893,2012,15,yes,
oxyceros longiflorus,1891,2017,22,yes,
oxyceros penangianus,2008,2008,1,,
oxystophyllum carnosum,1822,1896,8,,
oxystophyllum excavatum,1889,1911,5,,
oxystophyllum sinuatum,1890,1908,2,,
pachycentria constricta,1892,1980,3,,
pachycentria maingayi,1867,2000,7,,
paederia foetida,1966,2017,10,yes,yes
paederia verticillata,1911,1911,1,,
pajanelia longifolia,1882,1882,1,,
palaquium gutta,1846,2012,25,yes,
palaquium hexandrum,1896,2009,7,yes,
palaquium impressionervium,1974,2010,5,,
palaquium microphyllum,1900,2010,14,yes,
palaquium obovatum,1886,2013,38,yes,
palaquium oxleyanum,1867,2007,6,,
palaquium ridleyi,1892,1893,2,,
palaquium rostratum,1884,2010,16,yes,
palaquium xanthochymum,1884,2012,6,yes,
pandanus corneri,1960,1960,1,,
pandanus houlletii,1892,2012,7,,
pandanus militaris,1894,1894,1,,
pandanus odorifer,1890,2003,14,,yes
pandanus polycephalus,1941,1941,1,,
pandanus rostratus,1939,1966,3,,
pandanus singaporensis,1910,2012,4,,
pandanus yvanii,1889,2008,6,yes,
panicum luzonense,1894,1932,3,,yes
panicum repens,1890,2003,5,,yes
panicum sarmentosum,1853,1933,7,,yes
paracroton pendulus,1881,2005,8,,
paraderris elliptica,1894,2010,17,,
paraderris montana,1894,2002,2,,
parameria laevigata,1884,1997,2,yes,
parameria polyneura,1884,2010,8,yes,
paramignya scandens,1904,2009,7,yes,
paranephelium macrophyllum,1884,2010,8,,
parartocarpus bracteatus,1892,2009,6,,
parastemon urophyllus,1836,2010,18,yes,
parinari costata,1892,1954,3,,
parinari oblongifolia,1894,2008,6,yes,
parishia insignis,1893,2005,9,yes,
parishia maingayi,1900,2010,7,yes,
parishia paucijuga,1867,1976,7,,
parkia speciosa,1889,2013,14,yes,
parsonsia alboflavescens,1822,2007,10,,
paspalum longifolium,1900,2003,7,,yes
paspalum vaginatum,1890,2011,13,yes,yes
pavetta wallichiana,1884,2012,15,yes,
payena lucida,1884,2010,27,,
payena maingayi,1894,1940,3,,
payena obscura,1892,2007,5,,
peliosanthes teta,1996,2012,5,yes,
pellacalyx axillaris,1881,2015,24,yes,
pellacalyx saccardianus,1889,2010,24,yes,
peltophorum pterocarpum,1890,2004,18,,
pemphis acidula,1822,2012,27,,
pentace triptera,1894,2010,9,yes,
pentaphragma ellipticum var. ellipticum,1889,1995,23,yes,
peristylus lacertifer,1889,1918,8,yes,
peristylus maingayi,1886,1953,2,,
peronema canescens,1892,1892,1,,
perotis indica,1884,2001,6,,yes
persea declinata,1884,1892,4,,
pertusadina eurhyncha,1900,2010,7,yes,
phaeanthus ophthalmicus,1890,2012,29,yes,
phaeanthus splendens,2007,2008,2,,
phaius tankervilleae,1996,1996,1,,
phalaenopsis cornu-cervi,1898,1898,1,,
phoebe elliptica,2004,2004,1,,
phoebe grandis,1893,2005,3,,
pholidocarpus kingianus,1890,2011,5,yes,
phreatia plantaginifolia,1890,1894,4,,
phrynium hirtum,2012,2012,1,yes,
phrynium parvum,1901,2009,7,yes,
phyllanthus emblica,1955,2008,4,,
phymatosorus nigrescens,1876,1922,10,,yes
phymatosorus scolopendria,1842,2012,25,yes,yes
phytocrene bracteata,1889,2013,18,yes,
phytocrene oblonga,2011,2011,1,,
pimelodendron griffithianum,1884,2010,13,yes,
pinalia bractescens,1890,1959,4,,
pinalia floribunda,1889,2016,5,,
pinalia tenuiflora,1889,1898,4,,
pinanga disticha,1932,1995,2,,
pinanga limosa,1890,1908,5,,
pinanga malaiana,1889,1971,6,yes,
pinanga pectinata,1900,1901,2,,
pinanga simplicifrons,1932,2012,2,yes,
piper caninum,1822,2012,19,yes,yes
piper curtisii,2012,2012,1,,
piper flavimarginatum,1822,2012,7,yes,
piper macropiper,1887,2012,11,yes,
piper maingayi,1867,1867,1,,
piper malaccense,1982,1982,1,,
piper malamiri,2012,2012,1,,
piper muricatum,1955,2012,3,,
piper pedicellosum,1822,2012,7,,
piper porphyrophyllum,1904,2012,5,yes,
piper ramipilum,1905,2012,3,,
piper ribesioides,1954,2012,2,yes,
piper ridleyi,1898,1900,2,yes,
piper sarmentosum,1884,2016,16,yes,yes
piper schizonephos,2012,2012,1,,
pittosporum ferrugineum,1836,2007,19,yes,
plagiostachys lateralis,1890,1909,4,yes,
plagiostachys mucida,1892,1892,1,,
planchonella linggensis,1996,2007,6,,
planchonia grandis,1894,1935,3,yes,
platea latifolia,1940,2009,2,,
platycerium coronarium,1822,2010,15,yes,yes
platycerium ridleyi,1898,1907,3,,
plectocomia elongata,1889,2015,12,yes,
pleocnemia conjugata,1921,2002,3,yes,
pleocnemia irregularis,1842,2012,13,yes,yes
pleocnemia olivacea,1904,1907,4,,
plethiandra sessiliflora,1890,1900,5,,
plocoglottis gigantea,1892,2009,6,yes,
plocoglottis javanica,1889,2010,10,yes,
plocoglottis lowii,1889,2015,6,yes,
ploiarium alternifolium,1822,2010,21,yes,yes
pluchea indica,1853,2007,22,,yes
podocarpus polystachyus,1796,2013,27,yes,
podochilus microphyllus,1836,1948,5,,
pogonanthera pulverulenta,1884,1997,13,,
pogonatherum crinitum,2002,2003,2,,yes
poikilospermum cordifolium,1973,2008,2,,
poikilospermum suaveolens,1890,2009,14,yes,
pollia secundiflora,1893,1893,1,,
polyalthia angustissima,1891,2012,15,yes,
polyalthia cauliflora,1889,2012,22,yes,
polyalthia clavigera,1894,1907,2,,
polyalthia glauca,1932,2010,8,,
polyalthia hookeriana,1951,1951,1,,
polyalthia hypoleuca,1994,1994,1,,
polyalthia jenkinsii,1938,1989,4,,
polyalthia lateriflora,1937,2013,9,,
polyalthia rumphii,1888,2010,12,,
polyalthia sclerophylla,1900,1996,4,,
polyalthia sumatrana,1893,2010,10,,
polyosma conocarpa,1918,1918,1,yes,
polyosma kingiana,1938,1938,1,,
polyosma ridleyi,1884,1900,4,,
polystachya concreta,1884,2007,4,yes,
polystichum triangulum,1887,1887,1,,
pomatocalpa diffusum,1889,2007,2,yes,
pometia pinnata,1890,2016,19,yes,
pongamia pinnata,1890,2012,20,yes,
popowia fusca,1894,2012,25,,
popowia pisocarpa,1892,2009,9,,
popowia tomentosa,1953,2003,5,yes,
porterandia anisophylla,1822,2013,22,,
portulaca pilosa,1931,2007,8,,
pothos curtisii,1891,2015,5,,
pouteria maingayi,1969,2012,8,,
pouteria malaccensis,1881,2010,12,yes,
pouteria obovata,1881,2012,32,yes,
premna divaricata,1886,1900,5,,
premna serratifolia,1846,2017,36,,yes
premna trichostoma,1894,1898,4,,
prismatomeris glabra,1981,2012,3,,
prismatomeris tetrandra subsp. malayana,1981,2005,3,,
pronephrium menisciicarpon,1900,1926,4,,
pronephrium repandum,1881,1982,8,yes,yes
pronephrium triphyllum,1898,2010,15,yes,yes
prunus arborea,1892,2011,12,yes,
prunus grisea,1847,2007,11,yes,
prunus polystachya,1884,2010,39,yes,yes
pseuderanthemum kingii,1885,1894,4,,
pseudoclausena chrysogyne,1981,2010,2,yes,
psilotum complanatum,1822,1900,5,yes,
psilotum nudum,1896,2013,5,yes,yes
psychotria angulata,1884,2001,3,,
psychotria cantleyi,2000,2000,1,,
psychotria griffithii,1981,1998,3,,
psychotria helferiana,1822,2012,28,yes,
psychotria maingayi,1867,2012,3,yes,
psychotria malayana,1958,2013,4,,
psychotria ovoidea,1822,2011,18,yes,
psychotria penangensis,1884,2012,10,yes,
psychotria ridleyi,1884,1982,3,,
psychotria rostrata,1900,2012,4,yes,
psychotria sarmentosa,1822,2010,14,,
pteleocarpa lamponga,1891,1998,2,,
pteridium aquilinum,1822,2003,10,,yes
pteris mertensioides,1924,1924,1,,
pteris multifida,1910,2012,3,yes,yes
pteris semipinnata,1881,2005,6,yes,
pteris tripartita,1900,2003,2,yes,
pterisanthes eriopoda,1889,2002,2,yes,
pterisanthes polita,1889,2005,10,yes,
pternandra caerulescens,1884,2011,25,yes,
pternandra echinata,1879,2017,30,yes,
pternandra tuberculata,1893,1993,5,,
pteroceras pallidum,1890,1901,4,,
pterococcus corniculatus,1899,1899,1,,
pterocymbium tubulatum,1894,1996,3,yes,
pterospermum diversifolium,2006,2012,3,,
pterospermum javanicum,1894,2012,9,yes,
pterospermum lanceifolium,1997,2011,2,,
pterospermum sumatranum,1951,1955,3,,
ptychopyxis caput-medusae,1938,2003,5,,
ptychopyxis costata var. oblanceolata,1894,1997,3,,
pycreus polystachyos,1930,2013,5,,yes
pycreus pumilus,1889,1950,5,,yes
pyramidanthe prismatica,1890,2010,15,,
pyrenaria acuminata,1889,2011,16,yes,
pyrrosia angustata,1881,2007,9,,
pyrrosia lanceolata,1822,2007,16,yes,yes
pyrrosia longifolia,1880,2014,16,yes,yes
pyrrosia nummulariifolia,2003,2003,1,,
pyrrosia piloselloides,1899,2016,12,yes,yes
quassia indica,1918,1918,1,,
quercus argentata,1890,2008,4,,
radermachera pinnata ssp. acuminata,1890,2012,10,,
rapanea avenis,2008,2008,1,,
rapanea porteriana,1884,2012,16,,
reissantia indica,1884,1917,6,,
remirea maritima,1899,2012,12,,yes
renanthera elongata,1822,2012,3,,
renanthera histrionica,1891,1891,1,,
rhaphidophora korthalsii,1822,2010,8,,
rhaphidophora lobbii,2008,2009,2,,
rhaphidophora minor,1890,2008,5,,
rhaphidophora montana,1961,2005,5,,
rhizophora apiculata,1884,2012,28,yes,yes
rhizophora lamarckii,2011,2012,2,,
rhizophora mucronata,1822,2005,22,,yes
rhizophora parviflora,1998,1998,1,,
rhizophora stylosa,1918,2016,19,,
rhodamnia cinerea,1822,2011,18,yes,yes
rhododendron longiflorum,1891,1953,3,,
rhodomyrtus tomentosa,1838,2017,21,,yes
rhopaloblaste singaporensis,1889,2007,12,yes,
rhynchospora malasica,1889,1892,2,,
rhynchospora rugosa,1890,1955,4,,yes
rhynchostylis gigantea,1890,1893,2,,
rinorea anguifera,1892,2012,8,yes,
rinorea lanceolata,1890,2009,5,yes,
robiquetia spathulata,1893,2008,2,,
rothmannia macrophylla,1837,2013,22,yes,
rourea acutipetala,1899,2010,4,yes,
rourea asplenifolia,1885,2013,14,yes,
rourea fulgens,1822,2009,16,yes,
rourea mimosoides,1822,2011,19,yes,
rourea minor,1822,2010,13,yes,
rourea rugosa,1884,1893,3,,
rubus moluccanus,1884,2010,17,yes,
ryparosa hullettii,1885,1938,6,yes,
ryparosa scortechinii,1996,2009,3,,
sabia erratica,1940,1940,1,,
salacca affinis,1898,1972,7,yes,
salacia chinensis,1890,2009,11,yes,
salacia exsculpta,1884,1983,4,,
salacia grandiflora,1884,2012,13,,
salacia korthalsiana,1885,2007,6,yes,
salacia macrophylla,1881,2013,18,,
salacia maingayi,1850,2010,3,yes,
salacia viminea,1884,1887,4,yes,
sandoricum beccarianum,1901,2007,6,yes,
sandoricum koetjape,1884,2009,24,yes,
santiria apiculata,1894,2009,20,yes,yes
santiria conferta,1936,2010,6,,
santiria griffithii,1884,2003,8,yes,yes
santiria laevigata,1894,2010,14,yes,
santiria rubiginosa,1892,2010,11,yes,
santiria tomentosa,1884,1958,8,yes,
saprosma glomerulatum,1981,1998,5,,
sarcolobus globosus,1885,1903,6,,
sarcosperma paniculatum,1873,2013,2,yes,
sarcostoma javanica,1910,1914,2,,
sarcotheca griffithii,2008,2008,1,,
sarcotheca laxa var. sericea,1892,2009,4,,
saurauia pentapetala,1899,1951,2,yes,
sauropus androgynus,1841,2001,9,,yes
sauropus bacciformis,1967,2007,4,,
scaevola taccada,1885,2016,25,yes,yes
scaphium affine,1955,2005,2,yes,
scaphium linearicarpum,1894,1996,7,yes,
scaphium macropodum,1894,2009,14,yes,
schefflera cephalotes,1892,1933,3,,
schefflera elliptica,1822,2012,8,,
schefflera hullettii,1887,2010,9,,
schefflera lanceolata,1889,1949,7,,
schefflera ridleyi,1889,1924,8,,
schismatoglottis calyptrata,1889,1981,5,yes,
schismatoglottis wallichii,1889,2012,10,yes,
schizachyrium sanguineum,1890,1937,7,,
schizaea dichotoma,1822,2008,19,yes,
schizaea digitata,1822,2003,14,yes,
schizaea wagneri,1909,1909,1,,
schizostachyum gracile,1822,2007,3,,
schizostachyum latifolium,1892,2003,4,,
schoenorchis micrantha,1889,1928,4,,
schoenorchis secundiflora,1895,1933,3,,
schradera membranacea,1890,2012,9,,
schradera polysperma,1969,1969,1,,
sciaphila maculata,1891,1900,2,,
sciaphila tenella,1889,1894,2,,
scindapsus hederaceus,1892,2010,7,yes,yes
scindapsus pictus,1891,2010,6,yes,yes
scirpodendron ghaeri,1889,1951,4,,
scleria ciliaris,1883,2012,10,yes,yes
scleria corymbosa,1890,1932,4,,
scleria poiformis,1892,1892,1,,yes
scleria purpurascens,1837,1921,7,,yes
scleria sumatrensis,1841,2007,12,,
scleria terrestris,1889,2003,6,,
scleropyrum pentandrum,1885,2013,15,yes,
scolopia macrophylla,1890,1953,6,yes,
scorodocarpus borneensis,1884,2009,17,yes,
scrotochloa urceolata,1908,2012,5,yes,
scurrula ferruginea,1881,2011,22,yes,yes
scurrula parasitica,1991,2001,2,yes,
scyphiphora hydrophylacea,1822,2012,27,yes,yes
secamone elliptica,1992,1992,1,,
securidaca philippinensis,2010,2013,3,yes,
selaginella argentea,1842,1881,2,yes,
selaginella ciliaris,1899,2010,5,,yes
selaginella intermedia,1842,2010,19,yes,
selaginella mayeri,1893,2002,4,yes,
selaginella roxburghii,1830,2002,14,,
selaginella willdenowii,1841,2002,13,,
selliguea lateritia,1893,1924,6,,
serianthes grandiflora,1949,2012,8,,
sesuvium portulacastrum,1885,2013,16,yes,yes
setaria parviflora,1884,2003,9,,yes
shirakiopsis indica,1896,1949,3,,
shorea bracteolata,2002,2013,3,,
shorea curtisii,1900,2009,20,yes,
shorea gibbosa,1894,2005,9,,
shorea gratissima,1822,2009,10,,
shorea johorensis,2009,2009,1,,
shorea leprosula,1905,2010,10,yes,
shorea macroptera,1893,2012,24,yes,
shorea ochrophloia,1994,1994,1,,
shorea ovalis,1894,2009,7,yes,
shorea parvifolia,1894,2008,11,,
shorea pauciflora,1881,2010,12,yes,
shorea platycarpa,1940,2010,5,,
sida cordifolia,1890,2010,12,,yes
sindora coriacea,1992,2010,4,yes,
sindora velutina,1954,1954,1,,
sindora wallichii,1822,2009,10,,
sloanea javanica,1894,1955,2,,
smilax calophylla,1836,2012,20,yes,
smilax leucophylla,1893,2012,8,yes,
smilax megacarpa,1892,2011,13,,
smilax myosotiflora,1889,2012,12,,
smilax setosa,1822,2013,27,yes,yes
smythea lanceata,1892,2012,13,,
soejatmia ridleyi,1889,1955,7,yes,
sonerila heterostemon,1885,2012,11,yes,
sonerila moluccana,1890,2013,7,,
sonneratia alba,1949,2007,18,yes,yes
sonneratia caseolaris,1898,2011,7,yes,
sonneratia ovata,1889,2012,27,yes,
sophora tomentosa,1993,2017,6,,
spathoglottis plicata,1884,2011,13,yes,yes
spatholobus ferrugineus,1884,2011,17,yes,yes
spatholobus maingayi,1900,2010,3,,
spatholobus ridleyi,1892,2010,8,,
sphaerocaryum malaccense,1889,1892,2,,
sphaerocoryne affinis,1900,2010,3,,
sphaerostephanos heterocarpus,1858,2010,20,yes,yes
sphaerostephanos polycarpa,1879,2012,12,yes,
sphenodesme pentandra,1891,1965,4,,
sporobolus indicus,1892,2004,10,,yes
sporobolus virginicus,1941,1941,1,,yes
stachyphrynium latifolium,1822,2005,13,yes,
staurogyne griffithiana,1887,1950,9,,
staurogyne kingiana,1949,1981,3,yes,
staurogyne setigera,1889,2013,11,,
stemonurus scorpioides,1890,2010,9,,
stenochlaena palustris,1822,2010,24,yes,yes
stephania capitata,1889,2012,14,yes,
sterculia coccinea,1884,2012,27,yes,
sterculia cordata,2000,2014,6,yes,
sterculia gilva,2009,2009,1,yes,
sterculia macrophylla,1890,2013,8,yes,
sterculia parviflora,1884,2014,6,yes,
sterculia rubiginosa,1884,2014,21,yes,
stereosandra javanica,1903,1908,2,,
stereospermum tetragonum,1891,1909,4,,
stichorkis gibbosa,1889,1891,3,,
stictocardia tiliifolia,1953,1953,1,,
streblus elongatus,1854,2010,37,yes,
strobilanthes maingayi,1948,1948,1,,
strobilanthes palawanensis,1894,2003,4,,
strombosia ceylanica,1867,2011,26,yes,
strombosia javanica,1904,2001,8,yes,
strophanthus caudatus,1884,2012,10,yes,
strophanthus singaporianus,1822,1898,4,,
strychnos axillaris,1881,2010,9,yes,
strychnos ignatii,1884,2010,20,yes,
strychnos maingayi,1884,2010,4,yes,
strychnos ridleyi,1891,1895,3,,
styphelia malayana,1822,2004,3,,
styrax benzoin,1884,2010,13,yes,
styrax crotonoides,1822,1836,2,,
suregada multiflora,1890,2011,10,yes,
swintonia schwenckii,1938,2007,5,yes,
symplocos adenophylla,1822,2009,28,yes,
symplocos barringtoniifolia,1890,1982,5,yes,
symplocos celastrifolia,1894,1900,2,,
symplocos fasciculata,1884,2011,23,yes,
symplocos henschelii,1900,1900,1,,
symplocos lucida,1892,1900,3,yes,
symplocos odoratissima,1892,2003,3,yes,
symplocos rubiginosa,1884,2010,15,,
syngramma alismifolia,1850,2009,5,yes,
syngramma wallichii,1836,2009,4,,
syzygium acuminatissimum,1884,2011,22,,
syzygium attenuatum,1935,2010,6,,
syzygium avene,1822,1836,2,,
syzygium borneense,1889,2013,26,yes,yes
syzygium chloranthum,1881,2010,18,yes,
syzygium cinereum,1881,1970,10,,
syzygium claviflorum,1994,2009,6,,
syzygium conglomeratum,2006,2006,1,,
syzygium duthieanum,1884,2010,16,,
syzygium fastigiatum,2010,2010,1,,
syzygium filiforme,1822,2012,27,yes,
syzygium flosculiferum,1940,1940,1,,
syzygium glabratum,1933,1939,5,,
syzygium glaucum,1918,2010,11,yes,
syzygium grande,1881,2016,40,yes,yes
syzygium griffithii,1891,2009,4,,
syzygium incarnatum,1822,2010,20,yes,
syzygium kunstleri,2009,2009,1,,
syzygium lineatum,1822,2012,42,yes,yes
syzygium linocieroideum,1938,1940,3,,
syzygium maingayi,1889,2010,6,,
syzygium muelleri,1822,2013,10,,
syzygium myrtifolium,1822,2016,12,yes,
syzygium nemestrinum,1934,2010,6,,
syzygium ngadimanianum,1938,2010,4,,
syzygium nigricans,1938,1970,5,yes,
syzygium oblatum,1992,2010,2,,
syzygium pachyphyllum,1893,2012,10,,
syzygium palembanicum,1822,2012,36,,
syzygium papillosum,1884,2011,6,,
syzygium pauper,1895,1985,5,,
syzygium pendens,1892,2009,9,,
syzygium polyanthum,1884,2012,42,yes,
syzygium pseudocrenulatum,1894,1941,3,yes,
syzygium pseudoformosum,1884,2010,11,,
syzygium pustulatum,1881,2009,19,,
syzygium pycnanthum,1885,2010,26,,
syzygium pyrifolium,1822,2013,28,,
syzygium ridleyi,1884,2010,18,yes,
syzygium rugosum,1881,2009,12,,
syzygium scortechinii,1921,2010,5,,
syzygium singaporense,1822,2010,19,,
syzygium subdecussatum,1822,2011,16,,
syzygium syzygioides,1884,2012,15,,
syzygium zeylanicum,1838,2010,39,yes,yes
tabernaemontana corymbosa,1884,2012,14,yes,
tabernaemontana pauciflora,1884,2012,19,yes,
tacca integrifolia,1822,2017,10,yes,
tacca leontopetaloides,1940,2017,5,,
taeniophyllum filiforme,1932,1932,1,,
taeniophyllum pusillum,1889,1910,7,yes,
taenitis blechnoides,1838,2009,15,yes,yes
taenitis interrupta,1822,2010,6,yes,
talipariti tiliaceum,1819,2016,26,yes,yes
tapeinidium pinnatum,1842,1879,2,,
tarenna adpressa,2002,2002,1,,
tarenna costata,1937,2015,5,,
tarenna fragrans,1884,2010,25,,
tarenna mollis,1900,2003,5,yes,
tarenna odorata,1853,2012,8,,
tarenna ridleyi,1894,1894,1,,
tarenna stellulata,1899,1903,2,,
taxillus chinensis,2011,2012,2,yes,
tectaria angulata,1900,1928,5,,
tectaria barberi,1848,2010,23,yes,yes
tectaria grandidentata,1907,2002,2,,
tectaria griffithii var. singaporeana,1880,1924,7,,
tectaria semipinnata,1842,2007,9,yes,
tectaria singaporiana,1822,2012,24,yes,yes
tectaria vasta,1908,2012,3,yes,
teijsmanniodendron coriaceum,1915,2010,7,,
teijsmanniodendron pteropodum,1894,2004,2,,
teratophyllum aculeatum,1882,1931,4,,
teratophyllum ludens,1837,2009,7,,
teratophyllum rotundifoliatum,1907,1975,3,,
terminalia catappa,1885,2016,19,yes,yes
terminalia citrina,1919,2009,2,,
terminalia phellocarpa,1884,2007,11,,
terminalia subspathulata,1910,2011,5,yes,
ternstroemia coriacea,1822,2014,4,,
ternstroemia palembangensis,2005,2011,3,,
ternstroemia penangiana,1884,1951,8,yes,
ternstroemia wallichiana,1890,1899,3,,
tetracera akara,1881,2010,7,yes,
tetracera arborescens,1884,2012,7,,
tetracera fagifolia,1894,2010,10,yes,
tetracera indica,1884,2017,32,yes,yes
tetracera macrophylla,1893,2010,5,yes,
tetracera maingayi,1951,2012,4,,
tetracera scandens,1884,2012,7,,
tetrastigma curtisii,1894,2012,3,yes,
tetrastigma dichotomum,1920,2012,2,yes,
tetrastigma lawsoni,1891,2010,5,yes,
tetrastigma rafflesiae,1893,2012,7,,
thelasis carinata,1889,1890,2,,
thelasis micrantha,1889,1891,3,,
thelasis pygmaea,1889,1900,2,,
thelypteris truncata,1881,1906,3,,
themeda villosa,1884,2011,13,,yes
thespesia populnea,1822,2016,27,yes,yes
thismia aseroe,1932,1932,1,,
thottea grandiflora,1889,2013,22,,
thottea praetermissa,1846,2009,5,,
thrixspermum acuminatissimum,1889,1909,3,,
thrixspermum amplexicaule,1889,2009,10,,
thrixspermum calceolus,1890,1953,8,,
thrixspermum centipeda,1889,1889,1,,
thrixspermum ridleyanum,1890,1895,2,,
thrixspermum scopa,1887,1887,1,,
thrixspermum trichoglottis,1889,1948,7,yes,
thuarea involuta,1890,2003,6,,yes
thunbergia dasychlamys,1896,1906,2,,
thunbergia laurifolia,1933,2012,4,,
timonius finlaysonianus,1822,2013,8,,
timonius flavescens,1822,2012,16,yes,
timonius wallichianus,1884,2013,33,yes,yes
tinomiscium petiolare,1890,2012,14,yes,
tinospora macrocarpa,1992,2012,3,yes,
tournefortia tetrandra,1884,1943,6,,
toxocarpus griffithii,1893,2010,4,,
trema angustifolia,1884,1884,1,,
trema cannabina,1880,2012,19,yes,yes
trema tomentosa,1881,2007,19,yes,yes
trevesia burckii,1899,2008,6,,
triadica cochinchinensis,1884,2010,17,yes,yes
trichomanes bimarginatum,1894,1909,4,,
trichomanes mindorense,1894,1906,4,yes,
trichomanes motleyi,1891,2009,9,yes,
trichomanes sublimbatum,1888,1982,13,yes,
trichosanthes celebica,1892,2011,9,yes,
trichosanthes wallichiana,1890,2008,5,,
trichosanthes wawraei,1868,2010,10,yes,
trichotosia gracilis,1890,1891,2,,
trichotosia velutina,1889,1892,3,yes,
trichotosia vestita,1822,1890,2,,
trigonachras acuta,1822,2012,11,yes,
trigonachras cultrata,2008,2011,2,,
trigoniastrum hypoleucum,1899,2009,4,yes,
trigonostemon heteranthus,1893,2013,10,yes,
trigonostemon villosus,1996,2013,3,,
triomma malaccensis,1938,1958,2,yes,
tristaniopsis merguensis,1822,2010,10,,
tristaniopsis obovata,1894,2003,3,,
tristaniopsis whiteana,1853,2012,20,,
tristellateia australasiae,1886,2016,23,yes,
trivalvaria macrophylla,1900,1900,1,,
tropidia curculigoides,1884,1900,6,,
turpinia sphaerocarpa,1884,2010,15,yes,
tylophora flexuosa,1891,2007,16,,yes
tylophora indica,2004,2012,2,,
tylophora laevis,1891,2007,3,,
uncaria acida,1881,2013,10,,
uncaria attenuata,2008,2010,3,,
uncaria callophylla,1861,2012,5,,
uncaria cordata var. ferruginea,1884,2013,25,yes,
uncaria elliptica,1984,2011,2,,
uncaria lanosa var. glabrata,1846,2010,8,,
uncaria longiflora var. pteropoda,1900,2010,8,yes,
uncaria roxburghiana,2010,2013,4,,
urceola brachysepala,1867,2009,12,,
urceola elastica,1995,2010,2,yes,
urceola lucida,1884,1894,7,,
urceola torulosa,1822,2010,14,yes,
urophyllum arboreum,1847,2005,18,yes,
urophyllum blumeanum,1900,2012,8,yes,
urophyllum corymbosum,2009,2009,1,,
urophyllum griffithianum,1884,2010,7,yes,
urophyllum hirsutum,1822,2012,23,yes,
urophyllum macrophyllum,2008,2008,1,,
urophyllum streptopodium,1890,2010,13,yes,
utania austromalayensis,1890,1897,4,yes,
utania nervosa,1890,2012,8,yes,
utania racemosa,1893,2014,5,,
utania volubilis,1891,2012,12,,
utricularia uliginosa,1888,2005,6,,
uvaria clementis,1893,1918,3,,
uvaria cordata,1889,2013,24,yes,yes
uvaria curtisii,1953,1953,1,yes,
uvaria grandiflora,1889,2013,12,,
uvaria hirsuta,1861,2010,13,yes,
uvaria javana,1955,2011,2,yes,
uvaria leptopoda,1875,2010,10,,
uvaria lobbiana,1822,2011,4,yes,
uvaria pauci-ovulata,1925,2010,5,,
vaccinium bracteatum,1891,1953,2,,
vaccinium littoreum,1890,1900,5,,
vaginularia trichoidea,1904,1967,4,,
vanilla griffithii,1892,2013,13,,
vatica maingayi,1938,2005,2,,
vatica odorata,2008,2014,3,,
vatica pauciflora,1892,2012,11,yes,
vatica ridleyana,1891,2002,8,,
ventilago maingayi,2005,2012,4,,
ventilago malaccensis,1884,2012,11,,
vernonia arborea,1883,2010,19,yes,
viburnum sambucinum,1884,1921,8,,
vigna marina,1890,2003,12,,yes
viscum articulatum,1884,2012,12,yes,yes
viscum ovalifolium,1889,2011,18,yes,yes
vitex longisepala,2003,2003,1,,
vitex negundo,1884,2009,11,,
vitex pinnata,1859,2012,31,yes,yes
vitex quinata,2009,2009,1,,
vitex vestita,1883,2011,17,yes,
vittaria elongata,1822,2013,19,yes,yes
vittaria ensiformis,1850,2010,10,yes,yes
vrydagzynea albida,1889,1956,9,,
vrydagzynea lancifolia,1889,1953,11,yes,
vrydagzynea tristriata,1889,1933,3,,
willughbeia angustifolia,1892,1940,4,,
willughbeia coriacea,1822,2013,30,yes,
willughbeia edulis,1918,2012,9,,
willughbeia flavescens,1878,2004,6,yes,
willughbeia tenuiflora,1892,2000,8,yes,
wollastonia biflora,1884,2017,15,,yes
wrightia laevis,1900,2010,5,yes,
xanthophyllum amoenum,1943,2010,3,yes,
xanthophyllum discolor,1894,2010,12,yes,
xanthophyllum ellipticum,1892,2011,9,yes,
xanthophyllum eurhynchum,1895,2012,20,yes,
xanthophyllum flavescens,1889,2012,26,yes,
xanthophyllum griffithii,1884,1997,7,,
xanthophyllum kunstleri,1969,2010,3,,
xanthophyllum obscurum,1868,2002,9,,
xanthophyllum stipitatum,1938,2009,6,,
xanthophyllum vitellinum,1881,2014,15,yes,
xanthophyllum wrayi,1884,1884,1,,
xenostegia tridentata,1884,2011,17,yes,yes
xerospermum laevigatum,1955,1955,1,,
xerospermum noronhianum,1889,2010,15,yes,
ximenia americana,1885,2011,27,yes,yes
xylocarpus granatum,1881,2012,34,yes,yes
xylocarpus moluccensis,1822,2007,7,yes,
xylocarpus rumphii,1965,2010,9,yes,
xylopia caudata,1822,1995,5,yes,
xylopia ferruginea,1822,2010,17,yes,yes
xylopia fusca,1917,2012,9,,
xylopia magna,1953,2010,6,,
xylopia malayana,1867,2009,34,yes,yes
xyris pauciflora,1893,1976,4,,
zanthoxylum nitidum,1890,1901,2,,yes
zeuxine clandestina,1917,2012,4,,
zeuxine gracilis,1991,1991,1,,
zeuxine parvifolia,1897,1899,2,,
zingiber griffithii,1890,2003,7,,
zingiber puberulum var. chryseum,1889,2012,13,yes,
ziziphus calophylla,1889,2012,19,yes,
ziziphus elegans,1822,2010,8,,
ziziphus horsfieldii,1886,2004,6,,
zoysia matrella,1886,2013,7,yes,yes
