standard name,first detection,last detection
acacia concinna,2013,2015
acacia kekapur,1884,2015
acanthus ebracteatus,1893,2015
acanthus ilicifolius,1896,2015
acanthus volubilis,1889,2015
acer laurinum,2010,2015
acriopsis liliifolia,1822,2015
acriopsis ridleyi,1889,2015
acrostichum aureum,1860,2015
acrostichum speciosum,1866,2015
actephila excelsa var. javanica,1884,2015
actinodaphne glomerata,1894,2015
actinodaphne macrophylla,1898,2015
actinodaphne malaccensis,1882,2015
actinodaphne pruinosa,1884,2015
actinoscirpus grossus,1892,2015
adenanthera malayana,1884,2015
adenia cordifolia,1900,2015
adenia macrophylla var. singaporeana,1822,2015
adenoncos major,1927,1927
adenoncos sumatrana,1889,1889
adenosma javanicum,1894,2015
adiantum flabellulatum,1891,2015
adiantum hispidulum,1881,2015
adiantum stenochlamys,1910,1910
adinandra acuminata,1890,1982
adinandra dumosa,1822,2015
adinandra integerrima,1889,2015
aegiceras corniculatum,1884,2015
aeschynanthus albidus,1889,2015
aeschynanthus parvifolius,1889,2015
aeschynanthus radicans,1822,2015
aeschynanthus wallichii,1830,2015
aganope heptaphylla,1885,2015
aganope thyrsiflora,1883,2015
agapetes leptantha,1894,1894
agelaea borneensis,1881,2015
agelaea macrophylla,1822,2015
aglaia crassinervia,1894,2015
aglaia cucullata,1892,2015
aglaia edulis,2010,2015
aglaia elliptica,1889,2015
aglaia erythrosperma,1944,2015
aglaia exstipulata,1963,1963
aglaia lawii subsp. oligocarpa,1917,1917
aglaia leptantha,1890,2015
aglaia macrocarpa,1867,2015
aglaia meliosmoides,1890,2015
aglaia multinervis,1941,2015
aglaia odoratissima,1893,2015
aglaia oligophylla,2009,2015
aglaia palembanica,1884,2015
aglaia rubiginosa,1892,2015
aglaia rufinervis,1892,2015
aglaia teysmanniana,2006,2015
aglaia tomentosa subsp. cordata,1884,2015
aglaomorpha speciosa,1822,1936
aglaonema nebulosum,1961,2015
aglaonema nitidum,1889,2015
aglaonema simplex,1889,2015
agrostistachys borneensis,1884,2015
agrostistachys gaudichaudii,1885,2015
agrostistachys sessilifolia,1948,1982
agrostophyllum majus,1889,1900
agrostophyllum stipulatum,1888,2015
aidia auriculata,1884,2015
aidia densiflora,1889,2015
ailanthus integrifolia,1941,2015
alangium javanicum,1893,2015
alangium longiflorum,2003,2015
alangium nobile,1893,2015
alangium ridleyi,1880,2015
alangium salviifolium,1894,1966
alangium uniloculare,1892,2015
albertisia crassa,2010,2015
albizia pedicellata,1996,2015
albizia retusa,1893,2015
albizia splendens,1893,2015
alchornea rugosa,1884,1914
alchornea villosa,1884,2015
allantodia aspera,1842,1924
allmania nodiflora,1955,2015
allophylus cobbe,1884,2015
alocasia longiloba,1889,2015
alphonsea johorensis,1953,2015
alphonsea maingayi,1894,2015
alpinia aquatica,1889,2015
alpinia conchigera,1900,2015
alpinia rafflesiana,1889,2015
alseodaphne bancana,1884,2015
alseodaphne nigrescens,2004,2015
alseodaphne oblanceolata,1937,2015
alstonia angustifolia,1822,2015
alstonia angustiloba,1884,2015
alstonia pneumatophora,1994,2015
alstonia spatulata,1953,2015
alyxia reinwardtii,1831,2015
amischotolype gracilis,1849,2015
amischotolype mollissima,1822,2015
amomum hastilabium,1889,2015
amomum xanthophlebium,1889,2015
amorphophallus prainii,1904,1904
ampelocissus ascendiflora,1890,2015
ampelocissus elegans,1875,2015
ampelocissus gracilis,1836,2015
ampelocissus polystachya,1950,2015
ampelocissus thyrsiflora,1893,2015
amphineuron opulentum,1881,2015
amydrium medium,1890,2015
amylotheca duthieana,1892,1892
anacolosa frutescens,1894,2015
anadendrum microstachyum,1889,2015
anaxagorea javanica,1916,2001
ancistrocladus tectorius,1885,2015
angiopteris evecta,1896,2015
anisophyllea disticha,1836,2015
anisophyllea griffithii,1894,2015
anisoptera costata,1955,2015
anisoptera laevis,1895,2015
anisoptera megistocarpa,1894,2015
anodendron candolleanum,1996,2015
anoectochilus geniculatus,1890,1898
antiaris toxicaria,1957,2015
antidesma coriaceum,1836,2015
antidesma cuspidatum,1881,2015
antidesma neurocarpum,1822,2015
antidesma velutinosum,1884,2015
antrophyum callifolium,1892,2015
antrophyum parvulum,1896,1896
aphanamixis polystachya,1884,2015
aphyllorchis pallida,1890,1898
aporosa benthamiana,1884,2015
aporosa confusa,1894,1900
aporosa falcifera,1973,2015
aporosa frutescens,1884,2015
aporosa globifera,1981,2015
aporosa lucida,1948,2015
aporosa lunata,1894,2015
aporosa maingayi,1881,2015
aporosa nervosa,1894,2015
aporosa nigricans,1894,2015
aporosa prainiana,1884,2015
aporosa subcaudata,1889,2015
aporosa symplocoides,1894,2015
apostasia nuda,1889,2015
appendicula anceps,1822,1822
appendicula cornuta,1889,1892
appendicula lucida,1889,1928
appendicula uncata,1892,1918
aquilaria hirta,1890,2015
aquilaria malaccensis,1894,2015
aquilaria microcarpa,1940,2015
arachnis hookeriana,1891,1950
aralidium pinnatifidum,1884,2015
archidendron clypearia,1822,2015
archidendron contortum,1885,2015
archidendron ellipticum,1884,2015
archidendron globosum,1894,2015
archidendron jiringa,1822,2015
archidendron microcarpum,1882,2015
ardisia crenata,1885,2015
ardisia elliptica,1841,2015
ardisia eximia,1892,1892
ardisia miqueliana,1992,2015
ardisia purpurea,1894,2015
ardisia ridleyi,1894,1894
ardisia sanguinolenta,1890,2015
ardisia singaporensis,1890,1893
ardisia teysmanniana,1884,2015
ardisia tuberculata,1822,2015
ardisia villosa,1836,2015
argyreia ridleyi,1890,2015
aristolochia jackii,1893,1893
artabotrys costatus,1900,2015
artabotrys crassifolius,1900,2015
artabotrys maingayi,1977,2015
artabotrys suaveolens,1884,2015
artabotrys wrayi,1892,2015
arthrophyllum diversifolium,1950,2015
artocarpus anisophyllus,1894,2015
artocarpus elasticus,1891,2015
artocarpus fulvicortex,1884,2015
artocarpus gomezianus,1908,2015
artocarpus hispidus,1891,2015
artocarpus kemando,1892,2015
artocarpus lacucha,1884,2015
artocarpus lanceifolius,1884,2015
artocarpus lowii,1893,2015
artocarpus nitidus subsp. griffithii,1893,2015
artocarpus rigidus,1822,2015
arundina graminifolia,1889,2015
arytera littoralis,1884,2015
aspidopterys concava,1892,2015
asplenium batuense,1906,2015
asplenium longissimum,1829,2015
asplenium macrophyllum,1850,1920
asplenium nidus,1862,2015
asplenium nitidum,1822,2015
asplenium phyllitidis,1891,1952
asplenium tenerum,1842,2015
athyrium accedens,2010,2015
athyrium bantamense,2012,2015
austrobuxus nitidus,1892,1935
avicennia alba,1894,2015
avicennia marina,1947,2015
avicennia officinalis,1890,2015
avicennia rumphiana,1885,2015
baccaurea bracteata,1836,2015
baccaurea brevipes,1995,1996
baccaurea macrocarpa,1894,2015
baccaurea macrophylla,1917,2015
baccaurea maingayi,1936,1970
baccaurea minor,1894,2015
baccaurea motleyana,1868,2015
baccaurea parviflora,1885,2015
baccaurea polyneura,1884,2015
baccaurea pyriformis,1894,1894
baccaurea racemosa,1894,2015
baccaurea reticulata,1894,2015
baccaurea sumatrana,1894,2015
baratranthus axanthus,1890,1937
barringtonia asiatica,1822,2015
barringtonia conoidea,1889,1892
barringtonia macrostachya,1894,1974
barringtonia racemosa,1884,2015
barringtonia reticulata,1890,2015
bauhinia audax,1982,1982
bauhinia semibifida,1830,2015
beilschmiedia kunstleri,1894,2015
beilschmiedia madang,1892,2015
beilschmiedia tonkinensis,2000,2015
benstonea affinis,1892,2015
benstonea atrocarpa,1890,2015
benstonea ornata,1890,2015
benstonea parva,1889,2015
bhesa paniculata,1884,2015
bhesa robusta,1867,2015
biermannia laciniata,1933,1933
blechnum finlaysonianum,1841,2015
blechnum orientale,1880,2015
blechnum serrulatum,1900,1951
blumea riparia,1884,2015
blumeodendron tokbrai,1882,2015
bolbitis appendiculata,1842,2015
bolbitis heteroclita,1906,1942
bolbitis sinuata,1880,2015
bolbitis x singaporensis,1882,1968
bouea macrophylla,1893,2015
bouea oppositifolia,1880,2015
brackenridgea elegantissima,1884,2015
brackenridgea palustris,1890,1918
breynia coronata,1958,2015
breynia discigera,1884,2015
breynia racemosa,1838,2015
breynia vitis-idaea,1951,2015
bridelia cinnamomea,1894,2015
bridelia pustulata,1892,2015
bridelia stipularis,1900,2015
bridelia tomentosa,1881,2015
bromheadia alticola,1889,2015
bromheadia borneensis,1894,1894
bromheadia finlaysoniana,1836,2015
bromheadia scirpoidea,1992,2015
bromheadia truncata,1889,1899
brownlowia argentata,1894,1894
brownlowia tersa,1894,2015
brucea javanica,1822,2015
bruguiera cylindrica,1822,2015
bruguiera gymnorhiza,1885,2015
bruguiera hainesii,2003,2015
bruguiera parviflora,1892,2015
bruguiera sexangula,1884,2015
bryobium hyacinthoides,1892,1892
bryobium pudicum,1890,1910
buchanania arborescens,1884,2015
buchanania sessilifolia,1822,2015
bulbophyllum acuminatum,1889,1932
bulbophyllum apodum,1889,2015
bulbophyllum botryophorum,1890,1932
bulbophyllum caudatisepalum,1893,1893
bulbophyllum clandestinum,1889,2015
bulbophyllum concinnum,1889,1930
bulbophyllum dischidiifolium,1897,1901
bulbophyllum flabellum-veneris,1889,2015
bulbophyllum gracillimum,1889,1891
bulbophyllum limbatum,1840,1840
bulbophyllum lobbii,1897,1900
bulbophyllum macranthum,1889,2015
bulbophyllum macrochilum,1890,1897
bulbophyllum makoyanum,1900,1900
bulbophyllum maxillare,1890,1894
bulbophyllum medusae,1890,1893
bulbophyllum membranaceum,1861,2015
bulbophyllum ovalifolium,1889,1894
bulbophyllum patens,1889,1894
bulbophyllum pileatum,1891,1892
bulbophyllum praetervisum,2014,2015
bulbophyllum pulchellum,1889,2015
bulbophyllum purpurascens,1889,1904
bulbophyllum restrepia,1889,1895
bulbophyllum rugosum,1890,1890
bulbophyllum singaporeanum,1889,2015
bulbophyllum striatellum,1953,1953
bulbophyllum tenuifolium,1894,1894
bulbophyllum trifolium,1890,1890
bulbophyllum vaginatum,1822,2015
bulbophyllum vermiculare,1889,1891
bulbophyllum vesiculosum,1930,1930
bulbostylis barbata,1878,2015
bulbostylis puberula,1884,2015
burmannia championii,1889,1905
burmannia coelestis,1889,2015
burmannia wallichii,1898,1898
byttneria maingayi,1884,2015
caesalpinia bonduc,1950,2015
caesalpinia crista,1884,2015
caesalpinia sumatrana,1891,2015
calamus densiflorus,1891,2015
calamus diepenhorstii,1890,2015
calamus erinaceus,1889,2015
calamus insignis,1890,2015
calamus javensis,1894,2015
calamus laevigatus,1890,2015
calamus lobbianus,1889,2015
calamus luridus,1900,1906
calamus ornatus,1892,2015
calamus oxleyanus,1890,2015
calamus ridleyanus,1892,2015
calanthe pulchra,1822,2015
callerya dasyphylla,1867,2015
callerya eriantha,1894,2015
callicarpa longifolia,1884,2015
callostylis pulchella,1889,2015
calophyllum biflorum,1953,1953
calophyllum dispar,1940,2015
calophyllum ferrugineum,1822,2015
calophyllum inophyllum,1925,2015
calophyllum lanigerum var. austrocoriaceum,1976,2015
calophyllum macrocarpum,2008,2015
calophyllum pulcherrimum,1822,2015
calophyllum rigidum,1822,1917
calophyllum rubiginosum,1894,2015
calophyllum rufigemmatum,1894,2015
calophyllum soulattri,2008,2015
calophyllum sundaicum,1822,2015
calophyllum tetrapterum,1904,2015
calophyllum teysmannii,1889,2015
calophyllum wallichianum var. incrassatum,1893,2015
campnosperma auriculatum,1880,2015
campnosperma squamatum,1880,2015
campylospermum serratum,1822,2015
canarium grandifolium,1884,2015
canarium littorale,1882,2015
canarium patentinervium,1884,2015
canarium pilosum,1884,2015
canavalia cathartica,1884,2015
canavalia rosea,1889,2015
cansjera rheedii,1943,2015
canthium confertum,1889,2015
canthium glabrum,1884,2015
canthium horridum,1884,2015
canthium molle,1884,2015
capparis micracantha subsp. korthalsiana,1891,2015
carallia brachiata,1884,2015
carex cryptostachys,1891,2015
caryota mitis,1889,2015
casearia capitellata,1892,2015
casearia clarkei,1894,2015
casearia lobbiana,1884,2015
cassine viburnifolia,1881,2015
cassytha filiformis,1889,2015
castanopsis inermis,1822,2015
castanopsis lucida,1884,2015
castanopsis malaccensis,1893,2015
castanopsis megacarpa,1884,2015
castanopsis nephelioides,1884,2015
castanopsis schefferiana,1861,2015
castanopsis wallichii,1884,2015
casuarina equisetifolia,1904,2015
cayratia japonica,1893,2015
cayratia mollissima,1884,2015
cayratia novemfolia,1889,2015
cayratia trifolia,1885,2015
celastrus monospermoides,1894,2015
centella asiatica,2005,2015
centotheca lappacea,1838,2015
cephalomanes javanicum,1884,2015
cephalomanes obscurum,1822,2015
cephalomanes singaporeanum,1881,2015
cephalomanes superbum,1904,1907
cerbera manghas,1885,2015
cerbera odollam,1884,2015
ceriops tagal,1889,2015
ceriops zippeliana,1965,2015
champereia manillana,1884,2015
chassalia angustifolia,1884,1884
chassalia chartacea,1822,2015
chassalia curviflora,1884,2015
chassalia griffithii,1891,1891
chassalia singapurensis,1889,1892
cheilanthes tenuifolia,1850,2015
cheilocostus speciosus,1994,2015
cheilosa montana,2009,2015
chionanthus macrocarpus,1890,1890
chionanthus ramiflorus,1884,2015
chisocheton erythrocarpus,2003,2015
chisocheton macrophyllus,1893,1893
chisocheton patens,1861,2015
chisocheton pentandrus subsp. paucijugus,1892,1944
chisocheton sarawakanus,1992,2015
chloranthus erectus,1885,2015
chonemorpha fragrans,1957,2015
christella arida,1889,2015
christella subpubescens,1877,2015
chrysophyllum roxburghii,1891,2015
chrysopogon aciculatus,2001,2015
cinnamomum iners,1883,2015
cinnamomum javanicum,1881,2015
cinnamomum subavenium,1884,1900
cissus hastata,1822,2015
cissus nodosa,1889,2015
cissus repens,1886,2015
cissus rostrata,1884,2015
claderia viridiflora,1889,2015
claoxylon indicum,1892,2015
claoxylon longifolium,1885,2015
clausena excavata,1883,2015
cleisostoma halophilum,1884,1949
cleisostoma scortechinii,1895,1902
cleisostoma subulatum,1892,1892
cleistanthus hirsutulus,1884,1894
cleistanthus macrophyllus,1894,1970
cleistanthus malaccensis,1892,1894
cleistanthus oblongifolius,1884,2015
cleistanthus sumatranus,1879,2015
clerodendrum deflexum,1822,2015
clerodendrum disparifolium,1822,2015
clerodendrum inerme,1880,2015
clerodendrum myrmecophilum,1894,1905
clerodendrum nutans,1933,2015
clerodendrum phyllomega,1894,1894
clerodendrum speciosissimum,1889,1898
clerodendrum villosum,1822,2015
cnestis palala,1892,2015
cocculus orbiculatus,1880,2015
codonoboea crinita,1957,1957
codonoboea puncticulata,1889,1889
coelogyne mayeriana,1889,1930
coelogyne rochussenii,1884,2015
coelogyne septemcostata,1891,1891
coelogyne testacea,1884,1900
coelogyne tomentosa,1893,1893
coelospermum truncatum,1887,2015
coelostegia griffithii,1892,2015
colubrina asiatica,1822,2015
combretum sundaicum,1884,2015
combretum tetralophum,1996,2015
commelina attenuata,1893,1950
commersonia bartramia,1857,2015
connarus ferrugineus,1884,2015
connarus grandis,1884,2015
connarus monocarpus subsp. malayensis,1889,1957
connarus planchonianus,1822,1938
connarus semidecandrus,1881,2015
coptosapelta flavescens,1884,2015
coptosapelta griffithii,1895,2015
coptosapelta parviflora,1909,1909
cordia dichotoma,1896,2015
cordia subcordata,1950,2015
cordiglottis filiformis,1892,1900
corymborkis veratrifolia,1879,1900
coscinium fenestratum,1890,2015
cotylelobium lanceolatum,1890,2015
cotylelobium melanoxylon,1953,1953
cratoxylum arborescens,1885,2015
cratoxylum cochinchinense,1822,2015
cratoxylum formosum,1949,2015
cratoxylum maingayi,1885,2015
crepidium micranthum,1889,1900
crepidomanes christii,1891,1929
crepidomanes humile,1890,1952
crepidomanes minutum,1894,2015
crepidomanes pallidum,1904,1904
crinum asiaticum,1889,2015
croton argyratus,1884,1896
croton caudatus,1885,2015
croton griffithii,1891,2015
croton heterocarpus,1924,1949
croton oblongus,1884,2015
crypteronia griffithii,1884,2015
cryptocarya caesia,1894,1894
cryptocarya ferrea,1892,2015
cryptocarya griffithiana,1878,2015
cryptocarya impressa,1893,1969
cryptocarya kurzii,1953,1953
cryptocarya nitens,2006,2015
cryptocarya rugulosa,1954,2015
cryptocoryne ciliata,1896,2015
cryptocoryne griffithii,1889,2015
cryptostylis arachnites,1894,1896
ctenolophon parvifolius,1937,2015
ctenopterella blechnoides,1889,1954
cyathea contaminans,2001,2015
cyathea glabra,1904,1954
cyathea latebrosa,1842,2015
cyathea squamulata,1822,2015
cyathea trichodesma,2009,2015
cyathocalyx ramuliflorus,1894,2015
cyathocalyx ridleyi,1842,2015
cyathocalyx sumatranus,1961,2015
cyathostemma viridiflorum,1891,2015
cyathula prostrata,1989,2015
cycas edentata,1892,2015
cyclea laxiflora,1890,2015
cyclosorus interruptus,1892,2015
cymbidium bicolor subsp. pubescens,1891,2015
cymbidium finlaysonianum,1889,2015
cynanchum ovalifolium,1890,2015
cynodon dactylon,1891,2015
cynometra ramiflora,1894,2015
cyperus compactus,1899,2015
cyperus digitatus,1941,2015
cyperus dubius,1885,2015
cyperus javanicus,1889,2015
cyperus malaccensis,1894,2015
cyperus procerus,1909,2015
cyperus radians,1889,2015
cyperus stoloniferus,1884,2015
cyperus tenuiculmis,1889,2015
cyrtandra pendula,1885,2015
cyrtococcum patens var. latifolium,1884,2015
cyrtosperma merkusii,1837,2015
cyrtostachys renda,1889,2015
cystorchis variegata,1889,2015
dacryodes costata,1939,2015
dacryodes incurvata,1940,2015
dacryodes laxa,1891,2015
dacryodes longifolia,2005,2015
dacryodes puberula,1936,1936
dacryodes rostrata,1884,2015
dacryodes rugosa,1976,2015
dactyloctenium aegyptium,1932,2015
daemonorops angustifolia,1890,2015
daemonorops didymophylla,1890,2015
daemonorops geniculata,1992,2015
daemonorops grandis,1889,2015
daemonorops hirsuta,1889,2015
daemonorops kunstleri,1889,2015
daemonorops leptopus,1889,2015
daemonorops lewisiana,1894,1894
daemonorops longipes,1889,2015
daemonorops micracantha,1900,2015
daemonorops periacantha,1890,2015
daemonorops sabut,1891,2015
dalbergia candenatensis,1880,2015
dalbergia havilandii,1894,1953
dalbergia hullettii,1885,1896
dalbergia junghuhnii,1885,2015
dalbergia parviflora,1939,2015
dalbergia rostrata,1822,2015
dalbergia velutina,1889,2015
dapania racemosa,1932,2015
daphniphyllum laurinum,1836,2015
davallia angustata,1822,1906
davallia denticulata,1842,2015
davallia heterophylla,1830,1944
davallia parvula,1822,1924
davallia pectinata,1822,1894
davallia repens,1822,1903
davallia solida,1858,2015
davallia triphylla,1894,1981
decaspermum fruticosum,1884,2015
dehaasia incrassata,1890,2015
dendrobium acerosum,1890,1911
dendrobium acutilingue,1891,1891
dendrobium aloifolium,1872,2015
dendrobium bancanum,1890,1899
dendrobium bifarium,1890,1891
dendrobium comatum,1889,1932
dendrobium crumenatum,1889,2015
dendrobium flexile,1893,1893
dendrobium fugax,1893,1893
dendrobium grande,1894,1894
dendrobium hendersonii,1959,1959
dendrobium indivisum,1827,1894
dendrobium indragiriense,1951,2015
dendrobium laciniosum,1891,1943
dendrobium lamellatum,1891,1913
dendrobium leonis,1889,1900
dendrobium lobatum,1889,1890
dendrobium lobbii,1889,2015
dendrobium microglaphys,1889,1894
dendrobium pachyphyllum,1889,2015
dendrobium pandaneti,1893,1919
dendrobium pensile,1889,1898
dendrobium planibulbe,1890,1897
dendrobium plicatile,1890,1900
dendrobium prostratum,1887,1932
dendrobium pulchellum,1890,1890
dendrobium revolutum,1900,1900
dendrobium salaccense,1892,1894
dendrobium secundum,1950,1950
dendrobium setifolium,1889,1889
dendrobium singaporense,1890,1892
dendrobium spurium,1889,1892
dendrobium stuposum,1889,1894
dendrobium subulatum,1890,1908
dendrobium villosulum,1889,1900
dendrobium xantholeucum,1890,1891
dendrochilum longifolium,1884,1892
dendrochilum pallidiflavens,1894,1894
dendrokingstonia nervosa,2010,2015
dendrolobium umbellatum,1822,2015
dendrophthoe pentandra,1884,2015
dendrotrophe buxifolia,1890,1894
dendrotrophe varians,1884,2015
deplanchea bancana,1889,2015
derris maingayana,1867,2015
derris scandens,1898,2015
derris trifoliata,1885,2015
desmos dasymaschalus,1822,2015
desmos dumosus,1894,2015
desmos dunalii,2007,2015
dialium indum,1894,2015
dialium platysepalum,1822,2015
dianella ensifolia,1822,2015
dichapetalum sordidum,1822,2015
dicranopteris curranii,1954,2015
dicranopteris linearis,1838,2015
didymocarpus platypus,1885,2015
didymoplexiella ornata,1908,1908
didymoplexis pallens,1889,2015
dienia ophrydis,1889,2015
digitaria bicornis,1890,2015
digitaria fuscescens,1890,2015
digitaria longiflora,1884,2015
digitaria mollicoma,1890,2015
dillenia excelsa,1890,2015
dillenia grandifolia,1937,2015
dillenia indica,1888,2015
dillenia pulchella,1890,2015
dillenia suffruticosa,1889,2015
dilochia wallichii,1822,1822
dimeria ornithopoda,1889,2015
dioscorea glabra,1823,2015
dioscorea hispida,1892,1949
dioscorea laurifolia,1890,2015
dioscorea orbiculata var. tenuifolia,1881,2015
dioscorea polyclados,1890,2015
dioscorea prainiana,1896,2015
dioscorea pyrifolia,1822,2015
dioscorea stenomeriflora,1894,2015
dioscorea tenuifolia,1891,1891
diospyros apiculata,1939,1939
diospyros argentea,1885,2015
diospyros buxifolia,1892,2015
diospyros confusa,1917,2015
diospyros coriacea,1894,2015
diospyros diepenhorstii,1890,2015
diospyros ferrea,1894,1894
diospyros lanceifolia,1831,2015
diospyros maingayi,1890,2015
diospyros oblonga,1889,2015
diospyros siamang,1933,1933
diospyros styraciformis,1867,2015
diospyros sumatrana,1893,2015
diospyros venosa,1891,2015
diplazium cordifolium,1822,2015
diplazium crenato-serratum,1842,2015
diplazium esculentum,1879,1975
diplazium kunstleri,1996,2015
diplazium malaccense,1880,2015
diplazium prescottianum,1822,2015
diplazium riparium,1850,1904
diplazium sorzogonense,1894,1929
diplazium tomentosum,1882,1983
diplectria divaricata,1884,2015
diplectria stipularis,1893,1954
diplectria viminalis,1889,2015
diplospora malaccensis,1893,2015
dipodium paludosum,1890,1910
dipodium scandens,1996,2015
dipteris conjugata,1862,2015
dipterocarpus caudatus subsp. penangianus,1894,2015
dipterocarpus chartaceus,2010,2015
dipterocarpus cornutus,1822,2015
dipterocarpus costulatus,1996,2015
dipterocarpus elongatus,1955,2015
dipterocarpus gracilis,1957,1957
dipterocarpus grandiflorus,1900,2015
dipterocarpus kerrii,1921,2015
dipterocarpus kunstleri,1955,2015
dipterocarpus palembanicus,1957,1957
dipterocarpus sublamellatus,1890,2015
dipterocarpus tempehes,2005,2015
dischidia acutifolia,1900,2015
dischidia albida,1900,1900
dischidia albiflora,1884,1918
dischidia bengalensis,1890,1965
dischidia cochleata,1889,1965
dischidia complex,1933,1933
dischidia hirsuta,1889,2015
dischidia major,1822,2015
dischidia nummularia,1884,2015
dischidia singaporensis,1908,1908
dissochaeta annulata,1889,2015
dissochaeta celebica,1887,2015
dissochaeta gracilis,1884,2015
dissochaeta pallida,1884,2015
dissochaeta punctulata,1884,2015
dolichandrone spathacea,1891,2015
donax canniformis,1883,2015
dracaena brachystachys,1899,2015
dracaena cantleyi,1822,2015
dracaena elliptica,1836,2015
dracaena granulata,1880,2015
dracaena maingayi,1885,2015
dracaena porteri,1880,2015
dracaena singapurensis,1892,2015
dracaena umbratica,1836,2015
drynaria quercifolia,1822,2015
drynaria sparsisora,1862,2015
drypetes crassipes,1894,2015
drypetes laevis,2010,2015
drypetes longifolia,2003,2015
drypetes pendula,1894,2015
durio griffithii,1949,2015
durio singaporensis,1953,2015
dyera costulata,1882,2015
dysoxylum acutangulum,1892,2015
dysoxylum alliaceum,1890,2015
dysoxylum carolinae,1937,1938
dysoxylum cauliflorum,1885,2015
dysoxylum cyrtobotryum,1893,2015
dysoxylum densiflorum,1897,2015
dysoxylum excelsum,1889,2015
dysoxylum flavescens,1884,2015
dysoxylum grande,1958,2015
echinochloa picta,1883,1883
elaeocarpus acmosepalus,1981,2015
elaeocarpus ferrugineus,1824,2015
elaeocarpus floribundus,1822,2015
elaeocarpus griffithii,1822,2015
elaeocarpus macrocerus,1893,1961
elaeocarpus mastersii,1881,2015
elaeocarpus nitidus,1890,2015
elaeocarpus obtusus subsp. apiculatus,1893,2015
elaeocarpus palembanicus,1884,2015
elaeocarpus pedunculatus,1822,2015
elaeocarpus petiolatus,1838,2015
elaeocarpus polystachyus,1822,2015
elaeocarpus salicifolius,1881,2015
elaeocarpus stipularis,1881,2015
elaphoglossum amblyphyllum,1893,1907
eleiodoxa conferta,1891,2015
eleocharis dulcis,1879,2015
eleocharis spiralis,1924,2015
elettariopsis curtisii,1890,2015
ellipanthus tomentosus,1893,2015
ellipeia cuneifolia,1893,2015
elytranthe albida,1896,1896
elytranthe arnottiana,1896,1951
embelia canescens,1889,2015
embelia lampanii,1884,2015
embelia ribes,1838,2015
endiandra maingayi,1933,2015
endocomia canarioides,1894,2015
endospermum diadenum,1893,2015
engelhardtia serrata,1889,1900
enkleia malaccensis,1993,2015
entada rheedii,1890,2015
entada spiralis,1884,2015
epigynum ridleyi,1982,1982
epipremnum giganteum,1822,2015
epipremnum pinnatum,1822,2015
eragrostis atrovirens,1906,2015
eragrostis cumingii,1884,2015
eragrostis gangetica,1951,1951
eragrostis montana,1884,2015
eragrostis unioloides,1838,2015
eria javanica,1891,1893
eria longirepens,1890,1891
eria neglecta,1890,1891
eria nutans,1884,1911
eria robusta,1889,1894
eriachne pallescens,1886,2015
eriocaulon truncatum,1890,2015
eriocaulon wildenovianum,1853,2015
erycibe festiva,1885,2015
erycibe griffithii,1993,2015
erycibe leucoxyloides,1889,2015
erycibe maingayi,1937,1973
erycibe malaccensis,1888,2015
erycibe tomentosa,1881,2015
erythropalum scandens,1890,2015
erythroxylum cuneatum,1889,2015
etlingera maingayi,1891,2015
etlingera punicea,1891,2015
eulophia spectabilis,1889,2015
euonymus javanicus,1884,2015
euphorbia atoto,1893,2015
eurya acuminata,1917,2015
eurycoma longifolia,1822,2015
eustachys tenera,1898,1964
euthemis leucocarpa,1823,1894
euthemis minor,1822,1822
evolvulus alsinoides,1890,2015
excoecaria agallocha,1890,2015
fagraea auriculata,1822,2015
fagraea fragrans,1884,2015
fagraea ridleyi,1889,1965
fagraea splendens,1822,2015
fernandoa adenophylla,1882,2015
fibraurea tinctoria,1889,2015
ficus acamptophylla,1906,1906
ficus annulata,1892,1965
ficus apiocarpa,1886,2015
ficus aurata,1884,2015
ficus binnendijkii,1891,2015
ficus botryocarpa,1890,1957
ficus bracteata,1822,1962
ficus callophylla,1904,1904
ficus caulocarpa,1932,2015
ficus chartacea,1884,2015
ficus consociata,1878,2015
ficus crassiramea,1886,2015
ficus delosyce,1940,2015
ficus deltoidea,1885,2015
ficus dubia,1892,1959
ficus excavata,2011,2015
ficus fistulosa,1890,2015
ficus glandulifera,1891,2015
ficus globosa,1889,2015
ficus grossularioides,1884,2015
ficus heteropleura,1884,2015
ficus kerkhovenii,1890,2015
ficus laevis,1885,2015
ficus lamponga,1935,2015
ficus microcarpa,1892,2015
ficus microsyce,1884,2015
ficus obscura var. borneensis,1885,2015
ficus pallescens,1889,1978
ficus pellucidopunctata,1940,2015
ficus pisocarpa,1836,2015
ficus punctata,1830,2015
ficus recurva var. ribesioides,1822,2015
ficus retusa,1876,2015
ficus sagittata,1885,2015
ficus schwarzii,2010,2015
ficus scortechinii,1893,2015
ficus sinuata,1934,2015
ficus spathulifolia,1998,2015
ficus subgelderi,1890,2015
ficus sumatrana,1891,1982
ficus sundaica,1992,2015
ficus superba,1973,2015
ficus trichocarpa,1932,2015
ficus variegata,1890,2015
ficus vasculosa,1879,2015
ficus villosa,1894,2015
ficus virens,1889,2015
ficus xylophylla,1822,2015
fimbristylis complanata,1889,2015
fimbristylis cymosa,1890,2015
fimbristylis dura,1892,2015
fimbristylis ferruginea,1889,2015
fimbristylis leptoclada,1890,2015
fimbristylis nutans,1893,1903
fimbristylis pauciflora,1832,2015
fimbristylis polytrichoides,1981,1981
finlaysonia obovata,1900,2015
fissistigma fulgens,1822,2015
fissistigma lanuginosum,1822,2015
fissistigma latifolium var. ovoideum,1889,2015
fissistigma manubriatum,1822,2015
flacourtia rukam,1890,2015
flagellaria indica,1884,2015
floscopa scandens,1886,2015
freycinetia angustifolia,1889,2015
freycinetia confusa,1894,1936
freycinetia corneri,1943,1943
freycinetia javanica,1890,2015
freycinetia sumatrana,1899,2015
friesodielsia biglandulosa,1896,2015
friesodielsia borneensis,1894,2015
friesodielsia excisa,1894,2015
friesodielsia glauca,1932,2015
friesodielsia latifolia,1890,2015
gaertnera grisea,1822,2015
gaertnera obesa,1822,2015
gaertnera vaginans,1822,1822
gaertnera viminea,1822,2015
gahnia tristis,1883,2015
galearia fulva,1836,2015
galearia maingayi,1936,2015
galeola nudifolia,1822,2015
garcinia atroviridis,1900,2015
garcinia bancana,1889,1895
garcinia forbesii,1892,2015
garcinia griffithii,1890,2015
garcinia hombroniana,1841,2015
garcinia maingayi,1992,2015
garcinia nervosa,1894,2015
garcinia nigrolineata,1890,2015
garcinia parvifolia,1822,2015
garcinia rostrata,1890,2015
garcinia scortechinii,1892,2015
gardenia griffithii,1888,1891
gardenia subcarinata,1889,2015
gardenia tubifera,1836,1938
gastrodia javanica,1889,2015
genianthus maingayi,1867,1887
geophila pilosa,1890,1917
geophila repens,1997,2015
gironniera nervosa,1881,2015
gironniera parvifolia,1892,2015
gironniera subaequalis,1884,2015
gleichenia truncata,1985,2015
globba leucantha,1884,2015
globba pendula,1822,2015
glochidion borneense,1881,2015
glochidion glomerulatum,1897,1897
glochidion kunstlerianum,1961,1961
glochidion littorale,1884,2015
glochidion lutescens,1884,2015
glochidion obscurum,1900,2015
glochidion rubrum,1886,2015
glochidion sericeum,1884,1982
glochidion singaporense,1884,2015
glochidion superbum,1881,2015
glochidion zeylanicum var. arborescens,1861,2015
gluta wallichii,1884,2015
glycosmis chlorosperma,1884,2015
glyptopetalum quadrangulare,1892,1892
gmelina asiatica,1861,2015
gmelina elliptica,1862,2015
gmelina philippensis,1892,1924
gnetum gnemon,1884,2015
gnetum gnemonoides,1887,2015
gnetum latifolium var. funiculare,1890,2015
gnetum macrostachyum,1885,2015
gnetum microcarpum,1888,2015
gomphandra quadrifida var. ovalifolia,1889,2015
goniophlebium percussum,1884,2015
goniothalamus macrophyllus,1891,2015
goniothalamus malayanus,1890,2015
goniothalamus ridleyi,1892,2015
goniothalamus tapis,1894,2015
gonocaryum gracile,1884,2015
gonystylus affinis,2007,2015
gonystylus confusus,1894,2015
gonystylus maingayi,1900,1961
gordonia multinervis,1939,2015
gordonia penangensis,1892,2015
gordonia singaporeana,1822,2015
grammatophyllum speciosum,1890,1918
grenacheria amentacea,2008,2015
grenacheria fulva,1982,1982
grewia laevigata,1883,2015
guettarda speciosa,1822,2015
guioa pleuropteris,1867,2015
guioa pubescens,1884,2015
gymnacranthera bancana,1822,2015
gymnacranthera farquhariana,1822,2015
gymnacranthera forbesii,1884,2015
gymnanthera oblonga,1983,2015
gymnosiphon aphyllus,1893,1893
gynochthodes coriacea,1981,2015
gynochthodes sublanceolata,1822,2015
gynotroches axillaris,1838,2015
gynura procumbens,1890,1993
habenaria rhodocheila,1904,1904
hackelochloa granularis,1949,1949
hancea penangensis,1893,2015
hedyotis auricularia,1890,2015
hedyotis capitellata,1992,2015
hedyotis pinifolia,1950,2015
helicia excelsa,1953,2015
helixanthera coccinea,1899,1899
heritiera borneensis,1937,2015
heritiera elata,1894,2015
heritiera littoralis,1886,2015
heritiera simplicifolia,1894,2015
hernandia nymphaeifolia,2003,2015
hetaeria nitida,1895,1897
hetaeria obliqua,1890,2015
heterogonium sagenioides,1894,2015
heteropogon contortus,1936,2015
hiptage sericea,1891,1894
histiopteris incisa,1895,2015
homalium grandiflorum,1894,2015
homalomena deltoidea,1889,2015
homalomena griffithii,1887,2015
homalomena humilis var. pumila,1889,1981
homalomena pendula,1890,1890
homalomena rostrata,1889,1965
hopea dryobalanoides,1918,1918
hopea ferruginea,2005,2015
hopea griffithii,1937,2015
hopea mengarawan,1893,2015
hopea sangal,1894,2015
hornstedtia conica,1900,2015
hornstedtia leonurus,1889,2015
hornstedtia scyphifera,1884,2015
horsfieldia brachiata,1893,2015
horsfieldia crassifolia,1822,2015
horsfieldia grandis,1881,2015
horsfieldia irya,1897,2015
horsfieldia polyspherula,1886,2015
horsfieldia punctatifolia,1953,2015
horsfieldia sucosa,1884,2015
horsfieldia superba,1899,2015
horsfieldia wallichii,1884,2015
hoya caudata,2013,2015
hoya coriacea,1893,1897
hoya coronaria,1889,2015
hoya diversifolia,1889,2015
hoya finlaysonii,1836,1836
hoya lacunosa,1889,1978
hoya latifolia,1884,2015
hoya obtusifolia,1894,2015
hoya revoluta,1822,1906
hoya scortechinii,2006,2015
hoya verticillata,1889,2015
hoya wallichii,1822,1894
hullettia dumosa,1959,1959
huperzia carinata,1836,2015
huperzia nummulariifolia,1889,1914
huperzia phlegmaria,1889,2015
huperzia squarrosa,1887,1924
hydnophytum formicarum,1889,2015
hydrocotyle sibthorpioides,1889,2015
hydrostemma kunstleri,1892,2015
hylophila mollis,1822,1996
hymenachne amplexicaulis,2002,2015
hymenophyllum acanthoides,1903,1924
hymenophyllum denticulatum,1888,1908
hymenophyllum polyanthos,1888,1926
hymenophyllum serrulatum,1890,1910
hypobathrum coniferum,1897,1899
hypolytrum nemorum var. proliferum,1861,2015
hypserpa nitida,1894,2015
iguanura geonomiformis,1850,2015
ilex cymosa,1884,2015
ilex latifolia,1884,2015
ilex maingayi,1885,1885
illigera trifoliata,1900,1900
imperata conferta,1838,2015
indigofera zollingeriana,1949,2015
indorouchera griffithiana,1830,2015
intsia bijuga,1822,2015
intsia palembanica,1992,2015
iodes cirrhosa,1992,2015
iodes ovalis,1893,2015
iodes velutina,1891,2015
ipomoea littoralis,1909,2015
ipomoea marginata,1894,2015
ipomoea mauritiana,1885,2015
ipomoea obscura,1953,2015
ipomoea pes-caprae,1890,2015
ipomoea pes-tigridis,1997,2015
ipomoea violacea,1950,2015
irvingia malayana,1892,2015
isachne kunthiana,1889,2015
isachne minutula,1891,2015
ischaemum magnum,1878,2015
ischaemum muticum,1822,2015
ixonanthes icosandra,1884,2015
ixonanthes reticulata,1822,2015
ixora concinna,1822,1822
ixora congesta,1822,2015
ixora grandifolia,1822,2015
ixora lobbii,1850,2015
ixora pendula,1832,2015
ixora umbellata,1950,2015
jackiopsis ornata,1822,2015
jasminum elongatum,1850,2015
jasminum griffithii,1893,1900
jasminum longipetalum,1900,1900
justicia quadrifaria,1889,1889
justicia vasculosa,1889,2015
kadsura scandens,1894,2015
kandelia candel,1998,2015
kibara coriacea,1884,2015
kibatalia maingayi,1956,2015
kleinhovia hospita,1822,2015
knema communis,1894,2015
knema conferta,1867,2015
knema curtisii,1891,2015
knema furfuracea,1884,2015
knema glaucescens,1954,2015
knema globularia,1822,2015
knema hookeriana,1881,2015
knema intermedia,1884,2015
knema latericia,1881,2015
knema laurina,1884,2015
knema malayana,1884,2015
knema rubens,1893,1955
koilodepas longifolium,1884,2015
kokoona reflexa,1940,2015
koompassia malaccensis,1892,2015
kopsia singapurensis,1884,2015
korthalsia echinometra,1889,2015
korthalsia flagellaris,1996,2015
korthalsia laciniosa,1894,1954
korthalsia rigida,1894,2015
korthalsia rostrata,1892,2015
korthalsia scortechinii,1890,1956
kunstleria ridleyi,1894,2015
labisia pumila,1822,2015
lasia spinosa,1822,2015
lasianthus appressus,1992,2015
lasianthus attenuatus,1957,2015
lasianthus constrictus,1978,2015
lasianthus cyanocarpus,1966,2015
lasianthus ellipticus,1906,2015
lasianthus griffithii,1982,1982
lasianthus maingayi,1896,1982
lasianthus perakensis,1906,1906
lasianthus ridleyi,1897,2015
lasianthus stipularis,1887,1906
lasianthus tomentosus,1889,2015
lecananthus erubescens,1822,2015
lecanopteris crustacea,1894,2015
lecanopteris sinuosa,1877,2015
lecanorchis malaccensis,1882,2015
leea aequata,1889,2015
leea angulata,1899,2015
leea indica,1883,2015
leea rubra,1893,2015
lemna tenera,1899,2015
lepionurus sylvestris,1885,2015
lepironia articulata,1889,2015
lepisanthes fruticosa,1940,2015
lepisanthes rubiginosa,1884,2015
lepisanthes senegalensis,1996,2015
lepisorus longifolius,1892,1925
lepturus repens,1929,2015
leuconotis griffithii,1867,2015
licania splendens,1884,2015
licuala ferruginea,1837,2015
licuala spinosa,1884,2015
licuala triphylla,1894,1900
lijndenia laurina,1970,2015
limacia oblonga,2003,2015
limacia scandens,1822,2015
lindera lucida,1876,2015
lindernia anagallis,1890,2015
lindsaea borneensis,1889,1909
lindsaea cultrata,1822,2015
lindsaea divergens,1892,2015
lindsaea doryphora,1889,1891
lindsaea ensifolia,1836,2015
lindsaea orbiculata,1822,1829
lindsaea parallelogramma,1822,1898
lindsaea parasitica,1829,2015
lindsaea repens var. pectinata,1893,1893
lindsaea walkerae,1892,1948
linostoma pauciflorum,1843,2015
liparis barbata,1933,2015
liparis elegans,1889,1891
liparis ferruginea,1889,2015
liparis tricallosa,1890,1890
lipocarpha chinensis,1866,2015
lithocarpus bennettii,1892,2015
lithocarpus cantleyanus,1884,2015
lithocarpus conocarpus,1881,2015
lithocarpus elegans,1836,2015
lithocarpus encleisocarpus,1889,2015
lithocarpus ewyckii,1884,2015
lithocarpus hystrix,1884,2015
lithocarpus lucidus,1884,2015
lithocarpus sundaicus,1954,1969
lithocarpus wallichianus,1889,2015
litsea accedens,1884,2015
litsea castanea,1936,2015
litsea cordata,1895,2015
litsea costalis,1894,2015
litsea costata,1983,1983
litsea elliptica,1884,2015
litsea erectinervia,1884,2015
litsea ferruginea,1894,2015
litsea firma,1894,2015
litsea gracilipes,1954,1970
litsea grandis,1884,2015
litsea lanceolata,1893,1893
litsea lancifolia,1884,2015
litsea machilifolia,1953,2015
litsea myristicifolia,1831,2015
litsea resinosa,2003,2015
litsea umbellata,2002,2015
lobelia zeylanica,1890,2015
loeseneriella macrantha,1890,2015
lomariopsis lineata,1900,2015
lophatherum gracile,1890,2015
lophopetalum multinervium,1893,2015
lophopetalum pallidum,2009,2015
lophopetalum wightianum,1892,2015
lumnitzera littorea,1885,2015
lumnitzera racemosa,1941,2015
luvunga crassifolia,1893,2015
lycopodiella cernua,1830,2015
lygodium flexuosum,1884,2015
lygodium longifolium,1822,2015
lygodium microphyllum,1838,2015
lygodium salicifolium,1841,2015
macaranga bancana,1884,2015
macaranga conifera,1884,2015
macaranga gigantea,1884,2015
macaranga griffithiana,1884,2015
macaranga heynei,1881,2015
macaranga hullettii,1884,2015
macaranga hypoleuca,1881,2015
macaranga lowii,1892,2015
macaranga puncticulata,1932,1932
macaranga recurvata,1890,2015
macaranga trichocarpa,1884,2015
machaerina rubiginosa,1893,1900
maclurodendron porteri,1884,2015
macodes petola,1894,1894
macrolenes echinulata,1831,2015
macrosolen cochinchinensis,1881,2015
macrosolen papillosus,1891,1891
macrosolen retusus,1881,2015
madhuca decipiens,1894,2015
madhuca kingiana,1894,2015
madhuca korthalsii,2008,2015
madhuca malaccensis,1891,2015
madhuca motleyana,1894,1900
madhuca sericea,1884,1953
madhuca sessilis,1893,1893
maesa ramentacea,1837,2015
magnolia elegans,1892,2015
magnolia maingayi,1900,2015
magnolia singapurensis,1889,2015
magnolia villosa,1939,2015
mallotus macrostachyus,1884,1892
mallotus paniculatus,1838,2015
mangifera caesia,1885,2015
mangifera foetida,1890,2015
mangifera gracilipes,2009,2015
mangifera griffithii,1893,2015
mangifera lagenifera,1884,2015
mangifera magnifica,1940,2015
mangifera odorata,1902,2015
mangifera paludosa,1933,1933
mangifera quadrifida,1938,2015
mangifera subsessilifolia,1931,2015
mapania bancana,1837,1970
mapania cuspidata,1884,2015
mapania enodis,1889,1894
mapania kurzii,1890,2015
mapania longiflora,1941,1941
mapania lorea,1890,1918
mapania palustris,1889,1981
mapania squamata,1894,2015
mapania wallichii,1837,1943
maranthes corymbosa,1886,2015
margaritaria indica,2012,2015
marsdenia maingayi,1904,2015
mastixia pentandra,1970,1970
mastixia trichotoma var. maingayi,1867,2015
matthaea sancta,1822,2015
maytenus emarginata,1992,2015
medinilla crassifolia,1889,1909
megistostigma glabratum,1853,1907
meiogyne virgata,1885,2015
melaleuca cajuputi,1955,2015
melanochyla angustifolia,2004,2015
melanochyla auriculata,1892,2015
melanochyla bracteata,1940,1953
melanochyla caesia,1940,2015
melastoma malabathricum,1837,2015
melicope glabra,1888,2015
melicope hookeri,1867,2015
melicope latifolia,1924,2015
melicope lunu-ankenda,1883,2015
meliosma lanceolata,1884,2015
meliosma pinnata,1884,2015
meliosma simplicifolia,1853,2015
melodinus orientalis,1838,1929
memecylon acuminatum,1892,2015
memecylon amplexicaule,1884,2015
memecylon caeruleum,1822,2015
memecylon campanulatum,1938,2015
memecylon cantleyi,1884,2015
memecylon edule,1831,2015
memecylon excelsum,1981,2015
memecylon floridum,1894,2015
memecylon fruticosum,2003,2015
memecylon garcinioides,1893,2015
memecylon globosum,1895,1895
memecylon lancifolium,1892,1900
memecylon lilacinum,1831,2015
memecylon minutiflorum,1898,1963
memecylon oleifolium,1884,1907
memecylon ovatum,1898,2015
memecylon paniculatum,1941,2015
memecylon pseudomegacarpum,1892,2015
memecylon pubescens,1899,2015
merope angulata,1893,2015
merremia hederacea,1890,2015
mesophlebion chlamydophorum,1881,2015
mesophlebion crassifolium,1899,2015
mesophlebion motleyanum,1904,2015
mesua elegans,2001,2015
mezzettia parviflora,1884,1953
micrechites serpyllifolius,1994,2015
micrococca mercurialis,1899,2015
microcos blattaefolia,1904,2015
microcos globulifera,1894,2015
microcos hirsuta,1892,2015
microdesmis caseariifolia,1892,2015
microlepia speluncae,1842,2015
micropera fuscolutea,1889,1941
microsaccus griffithii,1894,1894
microsaccus javensis,1889,1909
microsorum punctatum,1880,2015
miliusa longipes,1890,1909
millettia xylocarpia,1893,1897
mischocarpus pentapetalus,1894,1894
mischocarpus sundaicus,1822,2015
mitrella kentii,1889,2015
mitrephora teysmannii,2010,2015
mnesithea glandulosa,1887,2015
molineria capitulata,1896,2015
molineria latifolia,1822,2015
monocarpia marginalis,2009,2015
monogramma dareicarpa,1904,1906
monoon borneense,1889,2015
morella esculenta,1822,2015
morinda citrifolia,1883,2015
morinda ridleyi,1894,2015
morinda rigida,1892,2015
morinda umbellata,1838,2015
mucuna acuminata,1900,1900
mucuna gigantea,1898,1958
murdannia vaginata,1898,2015
mussaenda glabra,1830,2015
mussaendopsis beccariana,1992,2015
mycaranthes obliqua,1889,1911
mycaranthes pannea,1889,1897
mycetia malayana,1900,1900
myrialepis paradoxa,1888,2015
myristica cinnamomea,1891,2015
myristica crassa,1953,2015
myristica elliptica,1822,2015
myristica iners,1934,2015
myristica lowiana,1894,2015
myristica maingayi,1932,2015
myristica maxima,1892,2015
myrmecodia tuberosa,1892,1900
nageia wallichiana,2013,2015
nauclea officinalis,1884,2015
nauclea subdita,1921,1976
neesia altissima,1941,1941
neesia malayana,1892,2015
neesia synandra,1890,2015
nenga pumila var. pachystachya,1889,2015
neolitsea cassia,1884,2015
neoscortechinia kingii,2007,2015
neoscortechinia philippinensis,2008,2015
neoscortechinia sumatrensis,1981,2015
nepenthes ampullaria,1838,2015
nepenthes gracilis,1884,2015
nepenthes rafflesiana,1822,2015
nephelaphyllum pulchrum,1933,2015
nephelium cuspidatum,1881,2015
nephelium lappaceum,1822,2015
nephelium laurinum,1836,2015
nephelium maingayi,1890,2015
nephelium ramboutan-ake,1884,2015
nephrolepis acutifolia,1822,2015
nephrolepis falcata,1881,2015
nephrolepis radicans,1892,2015
nervilia punctata,1891,1907
neuropeltis racemosa,1822,2015
neuwiedia griffithii,1891,2015
neuwiedia singapureana,1822,1822
neuwiedia veratrifolia,1894,2015
neuwiedia zollingeri,1892,1892
norrisia maior,1884,2015
nothaphoebe umbelliflora,1884,2015
nothocissus spicifera,1884,2015
nothocnide mollissima,1892,1892
nymphoides indica,1890,2015
nypa fruticans,1892,2015
oberonia ciliolata,1889,1899
oberonia dissitiflora,1890,1918
oberonia lunata,1889,1889
oberonia lycopodioides,1898,1900
oberonia stenophylla,1890,1930
ochanostachys amentacea,1891,2015
ochrosia oppositifolia,1822,2015
ochthocharis javanica,1831,1948
oldenlandia affinis,1930,2015
oldenlandia prostrata,1830,2015
olea brachiata,1838,2015
oncosperma horridum,1890,2015
oncosperma tigillarium,1889,2015
ophioglossum nudicaule,1889,2015
ophioglossum pendulum,1903,2015
ophioglossum reticulatum,1892,2015
ophiorrhiza singaporensis,1883,2015
orania sylvicola,1891,2015
ormocarpum cochinchinense,1898,2015
ormosia bancana,1889,2015
ormosia macrodisca,1890,2015
ormosia sumatrana,1891,1899
osmelia maingayi,1898,1977
osmelia philippina,1884,2015
ottochloa nodosa,1889,2015
oxyceros drupaceus,1894,2015
oxyceros fragrantissimus,1893,2015
oxyceros longiflorus,1891,2015
oxyceros penangianus,2008,2015
oxystophyllum carnosum,1822,1896
oxystophyllum excavatum,1889,1911
oxystophyllum sinuatum,1890,1908
pachycentria constricta,1892,1980
pachycentria maingayi,1867,2015
paederia foetida,1966,2015
paederia verticillata,1911,1911
pajanelia longifolia,1882,1882
palaquium gutta,1846,2015
palaquium hexandrum,1896,2015
palaquium impressionervium,1974,2015
palaquium microphyllum,1900,2015
palaquium obovatum,1886,2015
palaquium oxleyanum,1867,2015
palaquium ridleyi,1892,1893
palaquium rostratum,1884,2015
palaquium xanthochymum,1884,2015
pandanus corneri,1960,1960
pandanus houlletii,1892,2015
pandanus militaris,1894,1894
pandanus odorifer,1890,2015
pandanus polycephalus,1941,1941
pandanus rostratus,1939,1966
pandanus singaporensis,1910,2015
pandanus yvanii,1889,2015
panicum luzonense,1894,2015
panicum repens,1890,2015
panicum sarmentosum,1853,2015
paracroton pendulus,1881,2015
paraderris elliptica,1894,2015
paraderris montana,1894,2015
parameria laevigata,1884,2015
parameria polyneura,1884,2015
paramignya scandens,1904,2015
paranephelium macrophyllum,1884,2015
parartocarpus bracteatus,1892,2015
parastemon urophyllus,1836,2015
parinari costata,1892,1954
parinari oblongifolia,1894,2015
parishia insignis,1893,2015
parishia maingayi,1900,2015
parishia paucijuga,1867,1976
parkia speciosa,1889,2015
parsonsia alboflavescens,1822,2015
paspalum longifolium,1900,2015
paspalum vaginatum,1890,2015
pavetta wallichiana,1884,2015
payena lucida,1884,2015
payena maingayi,1894,1940
payena obscura,1892,2015
peliosanthes teta,1996,2015
pellacalyx axillaris,1881,2015
pellacalyx saccardianus,1889,2015
peltophorum pterocarpum,1890,2015
pemphis acidula,1822,2015
pentace triptera,1894,2015
pentaphragma ellipticum var. ellipticum,1889,2015
peristylus lacertifer,1889,2015
peristylus maingayi,1886,1953
peronema canescens,1892,1892
perotis indica,1884,2015
persea declinata,1884,1892
pertusadina eurhyncha,1900,2015
phaeanthus ophthalmicus,1890,2015
phaeanthus splendens,2007,2015
phaius tankervilleae,1996,2015
phalaenopsis cornu-cervi,1898,1898
phoebe elliptica,2004,2015
phoebe grandis,1893,2015
pholidocarpus kingianus,1890,2015
phreatia plantaginifolia,1890,1894
phrynium hirtum,2012,2015
phrynium parvum,1901,2015
phyllanthus emblica,1955,2015
phymatosorus nigrescens,1876,2015
phymatosorus scolopendria,1842,2015
phytocrene bracteata,1889,2015
phytocrene oblonga,2011,2015
pimelodendron griffithianum,1884,2015
pinalia bractescens,1890,1959
pinalia floribunda,1889,2015
pinalia tenuiflora,1889,1898
pinanga disticha,1932,2015
pinanga limosa,1890,1908
pinanga malaiana,1889,2015
pinanga pectinata,1900,1901
pinanga simplicifrons,1932,2015
piper caninum,1822,2015
piper curtisii,2012,2015
piper flavimarginatum,1822,2015
piper macropiper,1887,2015
piper maingayi,1867,1867
piper malaccense,1982,1982
piper malamiri,2012,2015
piper muricatum,1955,2015
piper pedicellosum,1822,2015
piper porphyrophyllum,1904,2015
piper ramipilum,1905,2015
piper ribesioides,1954,2015
piper ridleyi,1898,2015
piper sarmentosum,1884,2015
piper schizonephos,2012,2015
pittosporum ferrugineum,1836,2015
plagiostachys lateralis,1890,2015
plagiostachys mucida,1892,1892
planchonella linggensis,1996,2015
planchonia grandis,1894,2015
platea latifolia,1940,2015
platycerium coronarium,1822,2015
platycerium ridleyi,1898,1907
plectocomia elongata,1889,2015
pleocnemia conjugata,1921,2015
pleocnemia irregularis,1842,2015
pleocnemia olivacea,1904,1907
plethiandra sessiliflora,1890,1900
plocoglottis gigantea,1892,2015
plocoglottis javanica,1889,2015
plocoglottis lowii,1889,2015
ploiarium alternifolium,1822,2015
pluchea indica,1853,2015
podocarpus polystachyus,1822,2015
podochilus microphyllus,1836,1948
pogonanthera pulverulenta,1884,2015
pogonatherum crinitum,2002,2015
poikilospermum cordifolium,1973,2015
poikilospermum suaveolens,1890,2015
pollia secundiflora,1893,1893
polyalthia angustissima,1891,2015
polyalthia cauliflora,1889,2015
polyalthia clavigera,1894,1907
polyalthia glauca,1932,2015
polyalthia hookeriana,1951,1951
polyalthia hypoleuca,1994,2015
polyalthia jenkinsii,1938,2015
polyalthia lateriflora,1937,2015
polyalthia rumphii,1888,2015
polyalthia sclerophylla,1900,2015
polyalthia sumatrana,1893,2015
polyosma conocarpa,1918,2015
polyosma kingiana,1938,1938
polyosma ridleyi,1884,1900
polystachya concreta,1884,2015
polystichum triangulum,1887,1887
pomatocalpa diffusum,1889,2015
pometia pinnata,1890,2015
pongamia pinnata,1890,2015
popowia fusca,1894,2015
popowia pisocarpa,1892,2015
popowia tomentosa,1953,2015
porterandia anisophylla,1822,2015
portulaca pilosa,1931,2015
pothos curtisii,1891,2015
pouteria maingayi,1969,2015
pouteria malaccensis,1881,2015
pouteria obovata,1881,2015
premna divaricata,1886,1900
premna serratifolia,1846,2015
premna trichostoma,1894,1898
prismatomeris glabra,1981,2015
prismatomeris tetrandra subsp. malayana,1981,2015
pronephrium menisciicarpon,1900,1926
pronephrium repandum,1881,2015
pronephrium triphyllum,1898,2015
prunus arborea,1892,2015
prunus grisea,1847,2015
prunus polystachya,1884,2015
pseuderanthemum kingii,1885,1894
pseudoclausena chrysogyne,1981,2015
psilotum complanatum,1822,2015
psilotum nudum,1896,2015
psychotria angulata,1884,2015
psychotria cantleyi,2000,2015
psychotria griffithii,1981,2015
psychotria helferiana,1822,2015
psychotria maingayi,1867,2015
psychotria malayana,1958,2015
psychotria ovoidea,1822,2015
psychotria penangensis,1884,2015
psychotria ridleyi,1884,1982
psychotria rostrata,1900,2015
psychotria sarmentosa,1822,2015
pteleocarpa lamponga,1891,2015
pteridium aquilinum,1822,2015
pteris mertensioides,1924,1924
pteris multifida,1910,2015
pteris semipinnata,1881,2015
pteris tripartita,1900,2015
pterisanthes eriopoda,1889,2015
pterisanthes polita,1889,2015
pternandra caerulescens,1884,2015
pternandra echinata,1879,2015
pternandra tuberculata,1893,2015
pteroceras pallidum,1890,1901
pterococcus corniculatus,1899,1899
pterocymbium tubulatum,1894,2015
pterospermum diversifolium,2006,2015
pterospermum javanicum,1894,2015
pterospermum lanceifolium,1997,2015
pterospermum sumatranum,1951,1955
ptychopyxis caput-medusae,1938,2015
ptychopyxis costata var. oblanceolata,1894,2015
pycreus polystachyos,1930,2015
pycreus pumilus,1889,2015
pyramidanthe prismatica,1890,2015
pyrenaria acuminata,1889,2015
pyrrosia angustata,1881,2015
pyrrosia lanceolata,1822,2015
pyrrosia longifolia,1880,2015
pyrrosia nummulariifolia,2003,2015
pyrrosia piloselloides,1899,2015
quassia indica,1918,1918
quercus argentata,1890,2015
radermachera pinnata ssp. acuminata,1890,2015
rapanea avenis,2008,2015
rapanea porteriana,1884,2015
reissantia indica,1884,1917
remirea maritima,1899,2015
renanthera elongata,1822,2015
renanthera histrionica,1891,1891
rhaphidophora korthalsii,1822,2015
rhaphidophora lobbii,2008,2015
rhaphidophora minor,1890,2015
rhaphidophora montana,1961,2015
rhizophora apiculata,1884,2015
rhizophora lamarckii,2011,2015
rhizophora mucronata,1822,2015
rhizophora parviflora,1998,2015
rhizophora stylosa,1918,2015
rhodamnia cinerea,1822,2015
rhododendron longiflorum,1891,1953
rhodomyrtus tomentosa,1838,2015
rhopaloblaste singaporensis,1889,2015
rhynchospora malasica,1889,1892
rhynchospora rugosa,1890,2015
rhynchostylis gigantea,1890,1893
rinorea anguifera,1892,2015
rinorea lanceolata,1890,2015
robiquetia spathulata,1893,2015
rothmannia macrophylla,1837,2015
rourea acutipetala,1899,2015
rourea asplenifolia,1885,2015
rourea fulgens,1822,2015
rourea mimosoides,1822,2015
rourea minor,1822,2015
rourea rugosa,1884,1893
rubus moluccanus,1884,2015
ryparosa hullettii,1885,2015
ryparosa scortechinii,1996,2015
sabia erratica,1940,1940
salacca affinis,1898,2015
salacia chinensis,1890,2015
salacia exsculpta,1884,1983
salacia grandiflora,1884,2015
salacia korthalsiana,1885,2015
salacia macrophylla,1881,2015
salacia maingayi,1850,2015
salacia viminea,1884,2015
sandoricum beccarianum,1901,2015
sandoricum koetjape,1884,2015
santiria apiculata,1894,2015
santiria conferta,1936,2015
santiria griffithii,1884,2015
santiria laevigata,1894,2015
santiria rubiginosa,1892,2015
santiria tomentosa,1884,2015
saprosma glomerulatum,1981,2015
sarcolobus globosus,1885,1903
sarcosperma paniculatum,1873,2015
sarcostoma javanica,1910,1914
sarcotheca griffithii,2008,2015
sarcotheca laxa var. sericea,1892,2015
saurauia pentapetala,1899,2015
sauropus androgynus,1841,2015
sauropus bacciformis,1967,2015
scaevola taccada,1885,2015
scaphium affine,1955,2015
scaphium linearicarpum,1894,2015
scaphium macropodum,1894,2015
schefflera cephalotes,1892,1933
schefflera elliptica,1822,2015
schefflera hullettii,1887,2015
schefflera lanceolata,1889,1949
schefflera ridleyi,1889,1924
schismatoglottis calyptrata,1889,2015
schismatoglottis wallichii,1889,2015
schizachyrium sanguineum,1890,1937
schizaea dichotoma,1822,2015
schizaea digitata,1822,2015
schizaea wagneri,1909,1909
schizostachyum gracile,1822,2015
schizostachyum latifolium,1892,2015
schoenorchis micrantha,1889,1928
schoenorchis secundiflora,1895,1933
schradera membranacea,1890,2015
schradera polysperma,1969,1969
sciaphila maculata,1891,1900
sciaphila tenella,1889,1894
scindapsus hederaceus,1892,2015
scindapsus pictus,1891,2015
scirpodendron ghaeri,1889,1951
scleria ciliaris,1883,2015
scleria corymbosa,1890,1932
scleria poiformis,1892,2015
scleria purpurascens,1837,2015
scleria sumatrensis,1841,2015
scleria terrestris,1889,2015
scleropyrum pentandrum,1885,2015
scolopia macrophylla,1890,2015
scorodocarpus borneensis,1884,2015
scrotochloa urceolata,1908,2015
scurrula ferruginea,1881,2015
scurrula parasitica,1991,2015
scyphiphora hydrophylacea,1822,2015
secamone elliptica,1992,2015
securidaca philippinensis,2010,2015
selaginella argentea,1842,2015
selaginella ciliaris,1899,2015
selaginella intermedia,1842,2015
selaginella mayeri,1893,2015
selaginella roxburghii,1830,2015
selaginella willdenowii,1841,2015
selliguea lateritia,1893,1924
serianthes grandiflora,1949,2015
sesuvium portulacastrum,1885,2015
setaria parviflora,1884,2015
shirakiopsis indica,1896,1949
shorea bracteolata,2002,2015
shorea curtisii,1900,2015
shorea gibbosa,1894,2015
shorea gratissima,1822,2015
shorea johorensis,2009,2015
shorea leprosula,1905,2015
shorea macroptera,1893,2015
shorea ochrophloia,1994,2015
shorea ovalis,1894,2015
shorea parvifolia,1894,2015
shorea pauciflora,1881,2015
shorea platycarpa,1940,2015
sida cordifolia,1890,2015
sindora coriacea,1992,2015
sindora velutina,1954,1954
sindora wallichii,1822,2015
sloanea javanica,1894,1955
smilax calophylla,1836,2015
smilax leucophylla,1893,2015
smilax megacarpa,1892,2015
smilax myosotiflora,1889,2015
smilax setosa,1822,2015
smythea lanceata,1892,2015
soejatmia ridleyi,1889,2015
sonerila heterostemon,1885,2015
sonerila moluccana,1890,2015
sonneratia alba,1949,2015
sonneratia caseolaris,1898,2015
sonneratia ovata,1889,2015
sophora tomentosa,1993,2015
spathoglottis plicata,1884,2015
spatholobus ferrugineus,1884,2015
spatholobus maingayi,1900,2015
spatholobus ridleyi,1892,2015
sphaerocaryum malaccense,1889,1892
sphaerocoryne affinis,1900,2015
sphaerostephanos heterocarpus,1858,2015
sphaerostephanos polycarpa,1879,2015
sphenodesme pentandra,1891,1965
sporobolus indicus,1892,2015
sporobolus virginicus,1941,2015
stachyphrynium latifolium,1822,2015
staurogyne griffithiana,1887,1950
staurogyne kingiana,1949,2015
staurogyne setigera,1889,2015
stemonurus scorpioides,1890,2015
stenochlaena palustris,1822,2015
stephania capitata,1889,2015
sterculia coccinea,1884,2015
sterculia cordata,2000,2015
sterculia gilva,2009,2015
sterculia macrophylla,1890,2015
sterculia parviflora,1884,2015
sterculia rubiginosa,1884,2015
stereosandra javanica,1903,1908
stereospermum tetragonum,1891,1909
stichorkis gibbosa,1889,1891
stictocardia tiliifolia,1953,1953
streblus elongatus,1854,2015
strobilanthes maingayi,1948,1948
strobilanthes palawanensis,1894,2015
strombosia ceylanica,1867,2015
strombosia javanica,1904,2015
strophanthus caudatus,1884,2015
strophanthus singaporianus,1822,1898
strychnos axillaris,1881,2015
strychnos ignatii,1884,2015
strychnos maingayi,1884,2015
strychnos ridleyi,1891,1895
styphelia malayana,1822,2015
styrax benzoin,1884,2015
styrax crotonoides,1822,1836
suregada multiflora,1890,2015
swintonia schwenckii,1938,2015
symplocos adenophylla,1822,2015
symplocos barringtoniifolia,1890,2015
symplocos celastrifolia,1894,1900
symplocos fasciculata,1884,2015
symplocos henschelii,1900,1900
symplocos lucida,1892,2015
symplocos odoratissima,1892,2015
symplocos rubiginosa,1884,2015
syngramma alismifolia,1850,2015
syngramma wallichii,1836,2015
syzygium acuminatissimum,1884,2015
syzygium attenuatum,1935,2015
syzygium avene,1822,1836
syzygium borneense,1889,2015
syzygium chloranthum,1881,2015
syzygium cinereum,1881,1970
syzygium claviflorum,1994,2015
syzygium conglomeratum,2006,2015
syzygium duthieanum,1884,2015
syzygium fastigiatum,2010,2015
syzygium filiforme,1822,2015
syzygium flosculiferum,1940,1940
syzygium glabratum,1933,1939
syzygium glaucum,1918,2015
syzygium grande,1881,2015
syzygium griffithii,1891,2015
syzygium incarnatum,1822,2015
syzygium kunstleri,2009,2015
syzygium lineatum,1822,2015
syzygium linocieroideum,1938,1940
syzygium maingayi,1889,2015
syzygium muelleri,1822,2015
syzygium myrtifolium,1822,2015
syzygium nemestrinum,1934,2015
syzygium ngadimanianum,1938,2015
syzygium nigricans,1938,2015
syzygium oblatum,1992,2015
syzygium pachyphyllum,1893,2015
syzygium palembanicum,1822,2015
syzygium papillosum,1884,2015
syzygium pauper,1895,1985
syzygium pendens,1892,2015
syzygium polyanthum,1884,2015
syzygium pseudocrenulatum,1894,2015
syzygium pseudoformosum,1884,2015
syzygium pustulatum,1881,2015
syzygium pycnanthum,1885,2015
syzygium pyrifolium,1822,2015
syzygium ridleyi,1884,2015
syzygium rugosum,1881,2015
syzygium scortechinii,1921,2015
syzygium singaporense,1822,2015
syzygium subdecussatum,1822,2015
syzygium syzygioides,1884,2015
syzygium zeylanicum,1838,2015
tabernaemontana corymbosa,1884,2015
tabernaemontana pauciflora,1884,2015
tacca integrifolia,1822,2015
tacca leontopetaloides,1940,2015
taeniophyllum filiforme,1932,1932
taeniophyllum pusillum,1889,2015
taenitis blechnoides,1838,2015
taenitis interrupta,1822,2015
talipariti tiliaceum,1822,2015
tapeinidium pinnatum,1842,1879
tarenna adpressa,2002,2015
tarenna costata,1937,2015
tarenna fragrans,1884,2015
tarenna mollis,1900,2015
tarenna odorata,1853,2015
tarenna ridleyi,1894,1894
tarenna stellulata,1899,1903
taxillus chinensis,2011,2015
tectaria angulata,1900,1928
tectaria barberi,1848,2015
tectaria grandidentata,1907,2015
tectaria griffithii var. singaporeana,1880,1924
tectaria semipinnata,1842,2015
tectaria singaporiana,1822,2015
tectaria vasta,1908,2015
teijsmanniodendron coriaceum,1915,2015
teijsmanniodendron pteropodum,1894,2015
teratophyllum aculeatum,1882,1931
teratophyllum ludens,1837,2015
teratophyllum rotundifoliatum,1907,1975
terminalia catappa,1885,2015
terminalia citrina,1919,2015
terminalia phellocarpa,1884,2015
terminalia subspathulata,1910,2015
ternstroemia coriacea,1822,2015
ternstroemia palembangensis,2005,2015
ternstroemia penangiana,1884,2015
ternstroemia wallichiana,1890,1899
tetracera akara,1881,2015
tetracera arborescens,1884,2015
tetracera fagifolia,1894,2015
tetracera indica,1884,2015
tetracera macrophylla,1893,2015
tetracera maingayi,1951,2015
tetracera scandens,1884,2015
tetrastigma curtisii,1894,2015
tetrastigma dichotomum,1920,2015
tetrastigma lawsoni,1891,2015
tetrastigma rafflesiae,1893,2015
thelasis carinata,1889,1890
thelasis micrantha,1889,1891
thelasis pygmaea,1889,1900
thelypteris truncata,1881,1906
themeda villosa,1884,2015
thespesia populnea,1822,2015
thismia aseroe,1932,1932
thottea grandiflora,1889,2015
thottea praetermissa,1846,2015
thrixspermum acuminatissimum,1889,1909
thrixspermum amplexicaule,1889,2015
thrixspermum calceolus,1890,1953
thrixspermum centipeda,1889,1889
thrixspermum ridleyanum,1890,1895
thrixspermum scopa,1887,1887
thrixspermum trichoglottis,1889,2015
thuarea involuta,1890,2015
thunbergia dasychlamys,1896,1906
thunbergia laurifolia,1933,2015
timonius finlaysonianus,1822,2015
timonius flavescens,1822,2015
timonius wallichianus,1884,2015
tinomiscium petiolare,1890,2015
tinospora macrocarpa,1992,2015
tournefortia tetrandra,1884,1943
toxocarpus griffithii,1893,2015
trema angustifolia,1884,1884
trema cannabina,1880,2015
trema tomentosa,1881,2015
trevesia burckii,1899,2015
triadica cochinchinensis,1884,2015
trichomanes bimarginatum,1894,1909
trichomanes mindorense,1894,2015
trichomanes motleyi,1891,2015
trichomanes sublimbatum,1888,2015
trichosanthes celebica,1892,2015
trichosanthes wallichiana,1890,2015
trichosanthes wawraei,1868,2015
trichotosia gracilis,1890,1891
trichotosia velutina,1889,2015
trichotosia vestita,1822,1890
trigonachras acuta,1822,2015
trigonachras cultrata,2008,2015
trigoniastrum hypoleucum,1899,2015
trigonostemon heteranthus,1893,2015
trigonostemon villosus,1996,2015
triomma malaccensis,1938,2015
tristaniopsis merguensis,1822,2015
tristaniopsis obovata,1894,2015
tristaniopsis whiteana,1853,2015
tristellateia australasiae,1886,2015
trivalvaria macrophylla,1900,1900
tropidia curculigoides,1884,1900
turpinia sphaerocarpa,1884,2015
tylophora flexuosa,1891,2015
tylophora indica,2004,2015
tylophora laevis,1891,2015
uncaria acida,1881,2015
uncaria attenuata,2008,2015
uncaria callophylla,1861,2015
uncaria cordata var. ferruginea,1884,2015
uncaria elliptica,1984,2015
uncaria lanosa var. glabrata,1846,2015
uncaria longiflora var. pteropoda,1900,2015
uncaria roxburghiana,2010,2015
urceola brachysepala,1867,2015
urceola elastica,1995,2015
urceola lucida,1884,1894
urceola torulosa,1822,2015
urophyllum arboreum,1847,2015
urophyllum blumeanum,1900,2015
urophyllum corymbosum,2009,2015
urophyllum griffithianum,1884,2015
urophyllum hirsutum,1822,2015
urophyllum macrophyllum,2008,2015
urophyllum streptopodium,1890,2015
utania austromalayensis,1890,2015
utania nervosa,1890,2015
utania racemosa,1893,2015
utania volubilis,1891,2015
utricularia uliginosa,1888,2015
uvaria clementis,1893,1918
uvaria cordata,1889,2015
uvaria curtisii,1953,2015
uvaria grandiflora,1889,2015
uvaria hirsuta,1861,2015
uvaria javana,1955,2015
uvaria leptopoda,1875,2015
uvaria lobbiana,1822,2015
uvaria pauci-ovulata,1925,2015
vaccinium bracteatum,1891,1953
vaccinium littoreum,1890,1900
vaginularia trichoidea,1904,1967
vanilla griffithii,1892,2015
vatica maingayi,1938,2015
vatica odorata,2008,2015
vatica pauciflora,1892,2015
vatica ridleyana,1891,2015
ventilago maingayi,2005,2015
ventilago malaccensis,1884,2015
vernonia arborea,1883,2015
viburnum sambucinum,1884,1921
vigna marina,1890,2015
viscum articulatum,1884,2015
viscum ovalifolium,1889,2015
vitex longisepala,2003,2015
vitex negundo,1884,2015
vitex pinnata,1859,2015
vitex quinata,2009,2015
vitex vestita,1883,2015
vittaria elongata,1822,2015
vittaria ensiformis,1850,2015
vrydagzynea albida,1889,1956
vrydagzynea lancifolia,1889,2015
vrydagzynea tristriata,1889,1933
willughbeia angustifolia,1892,1940
willughbeia coriacea,1822,2015
willughbeia edulis,1918,2015
willughbeia flavescens,1878,2015
willughbeia tenuiflora,1892,2015
wollastonia biflora,1884,2015
wrightia laevis,1900,2015
xanthophyllum amoenum,1943,2015
xanthophyllum discolor,1894,2015
xanthophyllum ellipticum,1892,2015
xanthophyllum eurhynchum,1895,2015
xanthophyllum flavescens,1889,2015
xanthophyllum griffithii,1884,2015
xanthophyllum kunstleri,1969,2015
xanthophyllum obscurum,1868,2015
xanthophyllum stipitatum,1938,2015
xanthophyllum vitellinum,1881,2015
xanthophyllum wrayi,1884,1884
xenostegia tridentata,1884,2015
xerospermum laevigatum,1955,1955
xerospermum noronhianum,1889,2015
ximenia americana,1885,2015
xylocarpus granatum,1881,2015
xylocarpus moluccensis,1822,2015
xylocarpus rumphii,1965,2015
xylopia caudata,1822,2015
xylopia ferruginea,1822,2015
xylopia fusca,1917,2015
xylopia magna,1953,2015
xylopia malayana,1867,2015
xyris pauciflora,1893,1976
zanthoxylum nitidum,1890,2015
zeuxine clandestina,1917,2015
zeuxine gracilis,1991,2015
zeuxine parvifolia,1897,1899
zingiber griffithii,1890,2015
zingiber puberulum var. chryseum,1889,2015
ziziphus calophylla,1889,2015
ziziphus elegans,1822,2015
ziziphus horsfieldii,1886,2015
zoysia matrella,1886,2015
