Family,PL_output_name,Authority,extant as of 2015? (pers.obs.),comment
Leguminosae,Acacia kekapur,I.C.Nielsen,yes (ys),
Acanthaceae,Acanthus ebracteatus,Vahl,yes (ys),
Acanthaceae,Acanthus ilicifolius,L.,yes (ys),
Acanthaceae,Acanthus volubilis,Wall.,yes (ys),
Orchidaceae,Acriopsis liliifolia,(J.Koenig) Seidenf.,yes (2009 NIS),
Parkeriaceae,Acrostichum aureum,L.,yes (ys),
Parkeriaceae,Acrostichum speciosum,Willd.,yes (ys),
Phyllanthaceae,Actephila excelsa var. javanica,(Miq.) Pax & K.Hoffm.,yes (ys),
Lauraceae,Actinodaphne glomerata,(Blume) Nees,yes (ys),
Leguminosae,Adenanthera malayana,Kosterm.,yes (ys),
Passifloraceae,Adenia macrophylla (var. singaporeana),(Blume) Koord.,yes (ys),
Pentaphylacaceae,Adinandra dumosa,Jack,yes (ys),
Pentaphylacaceae,Adinandra integerrima,T.Anderson ex Dyer,yes (ys),
Gesneriaceae,Aeschynanthus albidus,(Blume) Steud.,yes (2008 NIS),
Gesneriaceae,Aeschynanthus parvifolius,R.Br.,yes (ys),
Gesneriaceae,Aeschynanthus radicans,Jack,yes (ys),
Connaraceae,Agelaea borneensis,(Hook.f.) Merr.,yes (ys),
Connaraceae,Agelaea macrophylla,(Zoll.) Leenh.,yes (ys),
Meliaceae,Aglaia elliptica,(C.DC.) Blume,yes (Wei Wei),
Meliaceae,Aglaia erythrosperma,Pannell,yes (Wei Wei),
Meliaceae,Aglaia meliosmoides,Craib,yes (Wei Wei),
Meliaceae,Aglaia odoratissima,Blume,yes (Wei Wei),
Meliaceae,Aglaia rufinervis,(Blume) Bentv.,yes (ys),
Meliaceae,Aglaia tenuicaulis,Hiern,yes (Wei Wei),
Meliaceae,Aglaia yzermannii,Boerl. & Koord,yes (Wei Wei),
Araceae,Aglaonema nebulosum,N.E.Br.,yes (comment),"w-added, found specimens under the synonym Aglaonema pictum"
Araceae,Aglaonema nitidum,(Jack) Kunth,yes (ys),
Araceae,Aglaonema simplex,(Blume) Blume,yes (ys),
Euphorbiaceae,Agrostistachys borneensis,Becc.,yes (ys),
Rubiaceae,Aidia auriculata,(Wall.) Ridsdale,yes (ys),
Rubiaceae,Aidia densiflora,(Wall.) Masam.,yes (ys),
Simaroubaceae,Ailanthus integrifolia,Lam.,yes (ys),
Cornaceae,Alangium longiflorum,Merr.,yes (ys),
Leguminosae,Albizia splendens,Miq.,yes (Wei Wei),
Euphorbiaceae,Alchornea villosa,(Benth.) Müll.Arg.,yes (ys),
Sapindaceae,Allophylus cobbe,(L.) Raeusch.,yes (ys),
Araceae,Alocasia longiloba,Miq.,yes (ys),
Zingiberaceae,Alpinia aquatica,(Retz.) Roscoe,yes (Matti),
Zingiberaceae,Alpinia conchigera,Griff.,yes (Matti),
Zingiberaceae,Alpinia rafflesiana,Wall. ex Baker,yes (Matti),
Lauraceae,Alseodaphne oblanceolata,(Merr.) Kosterm.,yes (Chong),
Apocynaceae,Alstonia angustifolia,Wall. ex A.DC.,yes (ys),
Apocynaceae,Alstonia angustiloba,Miq.,yes (ys),
Apocynaceae,Alstonia pneumatophora,Baker ex Den Berger,yes (ys),
Apocynaceae,Alstonia spatulata,Blume,yes (ys),
Apocynaceae,Alyxia reinwardtii,Blume,yes (ys),
Commelinaceae,Amischotolype gracilis,(Ridl.) I.M.Turner,yes (ys),
Zingiberaceae,Amomum hastilabium,Ridl.,yes (Matti),
Zingiberaceae,Amomum xanthophlebium,Baker,yes (Matti),
Vitaceae,Ampelocissus ascendiflora,Latiff,yes (ys),
Vitaceae,Ampelocissus cinnamomea,(Wall. ex M.A.Lawson) Planch.,yes (NIS 2014),
Vitaceae,Ampelocissus elegans,Gagnep.,yes (ys),
Vitaceae,Ampelocissus gracilis,(Wall.) Planch.,yes (ys),
Vitaceae,Ampelocissus polystachya,(Wall. ex M.A.Lawson) Planch.,yes (ys),
Vitaceae,Ampelocissus thyrsiflora,(Blume) Planch.,yes (reuben),
Thelypteridaceae,Amphineuron opulentum,(Kaulf.) Holttum,yes (ys),
Araceae,Amydrium medium,(Zoll. & Moritzi) Nicolson,yes (ys),
Ancistrocladaceae,Ancistrocladus tectorius,(Lour.) Merr.,yes (ys),
Marattiaceae,Angiopteris evecta,(G. Forst.) Hoffm.,yes (ys),
Anisophylleaceae,Anisophyllea disticha,(Jack) Baill.,yes (ys),
Anisophylleaceae,Anisophyllea griffithii,Oliv.,yes (ys),
Dipterocarpaceae,Anisoptera megistocarpa,Slooten,yes (ys),
Apocynaceae,Anodendron candolleanum,Wight,yes (ys),
Moraceae,Antiaris toxicaria,Lesch.,yes (ys),
Phyllanthaceae,Antidesma coriaceum,Tul.,yes (ys),
Phyllanthaceae,Antidesma cuspidatum,Müll.Arg.,yes (ys),
Phyllanthaceae,Antidesma neurocarpum,Miq.,yes (ys),
Phyllanthaceae,Antidesma velutinosum,Blume,yes (ys),
Meliaceae,Aphanamixis polystachya,(Wall.) R.Parker,yes (ys),
Phyllanthaceae,Aporosa benthamiana,Hook.f.,yes (ys),
Phyllanthaceae,Aporosa frutescens,Blume,yes (ys),
Phyllanthaceae,Aporosa lucida,(Miq.) Airy Shaw,yes (ys),
Phyllanthaceae,Aporosa lunata,(Miq.) Kurz,yes (ys),
Phyllanthaceae,Aporosa maingayi,Hook.f.,yes (ys),
Phyllanthaceae,Aporosa nervosa,Hook.f.,yes (ys),
Phyllanthaceae,Aporosa symplocoides,(Hook.f.) Gage,yes (ys),
Thymelaeaceae,Aquilaria malaccensis,Lam.,yes (ys),
Thymelaeaceae,Aquilaria microcarpa,Baill.,yes (ys),
Torricelliaceae,Aralidium pinnatifidum,(Jungh. & de Vriese) Miq.,yes (ys),
Leguminosae,Archidendron clypearia,(Jack) I.C.Nielsen,yes (ys),
Leguminosae,Archidendron contortum,(C.Mart.) I.C.Nielsen,yes (ys),
Leguminosae,Archidendron ellipticum,(Blanco) I.C.Nielsen,yes (Wei Wei),
Leguminosae,Archidendron jiringa,(Jack) I.C.Nielsen,yes (ys),
Leguminosae,Archidendron microcarpum,(Benth.) I.C.Nielsen,yes (ys),
Primulaceae,Ardisia crenata,Sims,yes (ys),
Primulaceae,Ardisia sanguinolenta,Blume,yes (ys),
Primulaceae,Ardisia teysmanniana,Scheff.,yes (ys),
Convolvulaceae,Argyreia ridleyi,Prain,yes (ys),
Annonaceae,Artabotrys suaveolens,(Blume) Blume,yes (ys),
Araliaceae,Arthrophyllum diversifolium,Blume,yes (ys),
Moraceae,Artocarpus anisophyllus,Miq.,yes (ys),
Moraceae,Artocarpus elasticus,Reinw. ex Blume,yes (ys),
Moraceae,Artocarpus fulvicortex,F.M.Jarrett,yes (reuben),
Moraceae,Artocarpus hispidus,F.M.Jarrett,yes (reuben),
Moraceae,Artocarpus kemando,Miq.,yes (reuben),
Moraceae,Artocarpus lacucha,Buch.-Ham.,yes (ys),
Moraceae,Artocarpus lowii,King,yes (reuben),
Orchidaceae,Arundina graminifolia,(D.Don) Hochr.,yes (ys),
Malpighiaceae,Aspidopterys concava,(Wall.) A.Juss.,yes (ys),
Aspleniaceae,Asplenium batuense,Alderw.,yes (ys),
Aspleniaceae,Asplenium longissimum,Blume,yes (ys),
Aspleniaceae,Asplenium nidus,L.,yes (ys),
Aspleniaceae,Asplenium tenerum,G. Forst.,yes (ys),
Athyriaceae,Athyrium accedens,(Blume) Milde,yes (ys),
Acanthaceae,Avicennia alba,Blume,yes (ys),
Acanthaceae,Avicennia marina,(Forssk.) Vierh.,yes (ys),
Acanthaceae,Avicennia officinalis,L.,yes (ys),
Acanthaceae,Avicennia rumphiana,Hallier f.,yes (ys),
Phyllanthaceae,Baccaurea macrophylla,(Müll.Arg.) Müll.Arg.,yes (Jolyn),
Phyllanthaceae,Baccaurea motleyana,(Müll.Arg.) Müll.Arg.,yes (ys),
Phyllanthaceae,Baccaurea parviflora,(Müll.Arg.) Müll.Arg.,yes (ys),
Phyllanthaceae,Baccaurea polyneura,Hook.f.,yes (ys),
Phyllanthaceae,Baccaurea sumatrana,(Miq.) Müll.Arg.,yes (ys),
Leguminosae,Bauhinia semibifida,Roxb.,yes (ys),
Lauraceae,Beilschmiedia madang,Blume,yes (ys),
Pandanaceae,Benstonea parva,(Ridl.) Callm. & Buerki,yes (ys),
Centroplacaceae,Bhesa paniculata,Arn.,yes (ys),
Centroplacaceae,Bhesa robusta,(Roxb.) Ding Hou,yes (ys),
Blechnaceae,Blechnum finlaysonianum,Wall.,yes (ys),
Blechnaceae,Blechnum orientale,L.,yes (ys),
Euphorbiaceae,Blumeodendron tokbrai,(Blume) Kurz,yes (ys),
Dryopteridaceae,Bolbitis appendiculata,(Willd.) Iwatsuki,yes (ys),
Dryopteridaceae,Bolbitis sinuata,Hennipman,yes (ys),
Anacardiaceae,Bouea oppositifolia,(Roxb.) Adelb.,yes (ys),
Ochnaceae,Brackenridgea elegantissima,(Wall.) Kanis,yes (ys),
Phyllanthaceae,Breynia coronata,Hook.f.,yes (ys),
Phyllanthaceae,Breynia vitis-idaea,(Burm.f.) C.E.C.Fisch.,yes (comment),n-listed as common in Chong
Phyllanthaceae,Bridelia cinnamomea,Hook.f.,yes (Jolyn),
Phyllanthaceae,Bridelia pustulata,Hook.f.,yes (ys),
Phyllanthaceae,Bridelia stipularis,(L.) Blume,yes (ys),
Phyllanthaceae,Bridelia tomentosa,Blume,yes (ys),
Orchidaceae,Bromheadia finlaysoniana,(Lindl.) Miq.,yes (ys),
Malvaceae,Brownlowia tersa,(L.) Kosterm.,yes (reuben),
Simaroubaceae,Brucea javanica,(L.) Merr.,yes (ys),
Rhizophoraceae,Bruguiera cylindrica,(L.) Blume,yes (ys),
Rhizophoraceae,Bruguiera gymnorhiza,(L.) Lam.,yes (ys),
Rhizophoraceae,Bruguiera hainesii,C.G.Rogers,yes (ys),
Rhizophoraceae,Bruguiera parviflora,(Roxb.) Wight & Arn. ex Griff.,yes (ys),
Rhizophoraceae,Bruguiera sexangula,(Lour.) Poir.,yes (ys),
Anacardiaceae,Buchanania arborescens,(Blume) Blume,yes (ys),
Anacardiaceae,Buchanania sessilifolia,Blume,yes (ys),
Orchidaceae,Bulbophyllum clandestinum,Lindl.,yes (2009 NIS),
Orchidaceae,Bulbophyllum macranthum,Lindl.,yes (Matti),
Orchidaceae,Bulbophyllum membranaceum,Teijsm. & Binn.,yes (comment),"m-still present in BTNR according to source: http://osssu.org/main/tim-wing-yam-article.html, changed last record date from 1933 to 2015"
Orchidaceae,Bulbophyllum vaginatum,(Lindl.) Rchb.f.,yes (ys),
Burmanniaceae,Burmannia coelestis,D.Don,yes (ys),
Malvaceae,Byttneria maingayi,Mast.,yes (ys),
Leguminosae,Caesalpinia bonduc,(L.) Roxb.,yes (ys),
Leguminosae,Caesalpinia crista,L.,yes (ys),
Leguminosae,Caesalpinia sumatrana,Roxb.,yes (ys),
Arecaceae,Calamus densiflorus,Becc.,yes (Nparks),
Arecaceae,Calamus diepenhorstii,Miq.,"yes (Loo et al., 2014)",
Arecaceae,Calamus erinaceus,(Becc.) J.Dransf.,"yes (Loo et al., 2014)",
Arecaceae,Calamus insignis,Griff.,"yes (Loo et al., 2014)",
Arecaceae,Calamus javensis,Blume,"yes (Loo et al., 2014)",
Arecaceae,Calamus laevigatus,Mart.,"yes (Loo et al., 2014)",
Arecaceae,Calamus oxleyanus,Teijsm. & Binn. ex Miq.,"yes (Loo et al., 2014)",
Arecaceae,Calamus ridleyanus,Becc.,"yes (Loo et al., 2014)",
Orchidaceae,Calanthe pulchra,(Blume) Lindl.,yes (2010 NIS),
Leguminosae,Callerya eriantha,(Benth.) Schot,yes (ys),
Lamiaceae,Callicarpa longifolia,Lam.,yes (ys),
Orchidaceae,Callostylis pulchella,(Lindl.) S.C.Chen & Z.H.Tsi,yes (2012 NIS),
Calophyllaceae,Calophyllum dispar,P.F.Stevens,yes (Wei Wei),
Calophyllaceae,Calophyllum ferrugineum,Ridl.,yes (ys),
Calophyllaceae,Calophyllum inophyllum,L.,yes (ys),
Calophyllaceae,Calophyllum lanigerum (var. austrocoriaceum),Miq.,yes (ys),
Calophyllaceae,Calophyllum macrocarpum,Hook.f.,yes (Wei Wei),
Calophyllaceae,Calophyllum pulcherrimum,Wall. ex Choisy,yes (ys),
Calophyllaceae,Calophyllum rubiginosum,M.R.Hend. & Wyatt-Sm.,yes (ys),
Calophyllaceae,Calophyllum soulattri,Burm. f.,yes (ys),
Calophyllaceae,Calophyllum tetrapterum,Miq.,yes (ys),
Calophyllaceae,Calophyllum teysmannii,Miq.,yes (ys),
Calophyllaceae,Calophyllum wallichianum (var. incrassatum),(Hend. & Wyatt-Sm.) P.F.Stevens,yes (ys),
Anacardiaceae,Campnosperma auriculatum,(Blume) Hook.f.,yes (ys),
Anacardiaceae,Campnosperma squamatum,Ridl.,yes (ys),
Ochnaceae,Campylospermum serratum,(Gaertn.) Bittrich & M.C.E. Amaral,yes (ys),
Burseraceae,Canarium grandifolium,(Ridl.) H.J.Lam,yes (ys),
Burseraceae,Canarium littorale,Blume,yes (ys),
Burseraceae,Canarium patentinervium,Miq.,yes (ys),
Burseraceae,Canarium pilosum,A.W.Benn.,yes (ys),
Leguminosae,Canavalia cathartica,Thouars,yes (ys),
Opiliaceae,Cansjera rheedii,J.F.Gmel.,yes (ys),
Rubiaceae,Canthium confertum,Korth.,yes (ys),
Rubiaceae,Canthium glabrum,Blume,yes (ys),
Rubiaceae,Canthium horridum,Blume,yes (ys),
Rubiaceae,Canthium molle,King & Gamble,yes (ys),
Rhizophoraceae,Carallia brachiata,(Lour.) Merr.,yes (ys),
Arecaceae,Caryota mitis,Lour.,yes (ys),
Salicaceae,Casearia clarkei,King,yes (ys),
Salicaceae,Casearia lobbiana,Turcz.,yes (ys),
Lauraceae,Cassytha filiformis,L.,yes (ys),
Fagaceae,Castanopsis inermis,(Lindl.) Benth. & Hook.f.,yes (ys),
Fagaceae,Castanopsis megacarpa,Gamble,yes (ys),
Fagaceae,Castanopsis nephelioides,King ex Hook.f.,yes (ys),
Fagaceae,Castanopsis schefferiana,Hance,yes (ys),
Casuarinaceae,Casuarina equisetifolia,L.,yes (ys),
Vitaceae,Cayratia japonica,(Thunb.) Gagnep.,yes (ys),
Vitaceae,Cayratia mollissima,(Planch.) Gagnep.,yes (ys),
Vitaceae,Cayratia novemfolia,(Wall. ex M.A.Lawsen) Burkill ex Suess.,yes (reuben),
Vitaceae,Cayratia trifolia,(L.) Domin,yes (ys),
Apiaceae,Centella asiatica,(L.) Urb.,yes (ys),
Poaceae,Centotheca lappacea,(L.) Desv.,yes (ys),
Hymenophyllaceae,Cephalomanes javanicum,(Blume) Bosch,yes (ys),
Hymenophyllaceae,Cephalomanes obscurum,(Blume) K. Iwatsuki,yes (ys),
Hymenophyllaceae,Cephalomanes singaporeanum,Bosch,yes (ys),
Apocynaceae,Cerbera odollam,Gaertn.,yes (ys),
Rhizophoraceae,Ceriops tagal,(Perr.) C.B.Rob.,yes (ys),
Opiliaceae,Champereia manillana,(Blume) Merr.,yes (ys),
Rubiaceae,Chassalia curviflora,(Wall.) Thwaites,yes (ys),
Pteridaceae,Cheilanthes tenuifolia,(Burm. f.) Sw.,yes (ys),
Costaceae,Cheilocostus speciosus,(J. Koenig) C. D. Specht,yes (ys),
Meliaceae,Chisocheton patens,Blume,yes (ys),
Meliaceae,Chisocheton sarawakanus,(C.DC.) Harms,yes (Wei Wei),
Chloranthaceae,Chloranthus erectus,(Buch.-Ham.) Verdc.,yes (ys),
Apocynaceae,Chonemorpha fragrans,(Moon) Alston,yes (ys),
Thelypteridaceae,Christella arida,(Don) Holttum,yes (ys),
Thelypteridaceae,Christella subpubescens,(Blume) Holttum,yes (ys),
Poaceae,Chrysopogon aciculatus,(Retz.) Trin.,yes (ys),
Lauraceae,Cinnamomum iners,Reinw. ex Blume,yes (ys),
Lauraceae,Cinnamomum javanicum,Blume,yes (ys),
Vitaceae,Cissus hastata,Miq.,yes (ys),
Vitaceae,Cissus nodosa,Blume,yes (ys),
Vitaceae,Cissus repens,Lam.,yes (ys),
Vitaceae,Cissus rostrata,(Miq.) Korth. ex Planch.,yes (ys),
Euphorbiaceae,Claoxylon indicum,(Reinw. ex Blume) Hassk.,yes (ys),
Euphorbiaceae,Claoxylon longifolium,(Blume) Endl. ex Hassk.,yes (ys),
Rutaceae,Clausena excavata,Burm.f.,yes (ys),
Phyllanthaceae,Cleistanthus sumatranus,(Miq.) Müll.Arg.,yes (ys),
Lamiaceae,Clerodendrum deflexum,Wall.,yes (ys),
Lamiaceae,Clerodendrum disparifolium,Blume,yes (Wei Wei),
Lamiaceae,Clerodendrum inerme,(L.) Gaertn,yes (ys),
Lamiaceae,Clerodendrum villosum,Blume,yes (ys),
Connaraceae,Cnestis palala,(Lour.) Merr.,yes (ys),
Menispermaceae,Cocculus orbiculatus,(L.) DC.,yes (reuben),
Orchidaceae,Coelogyne rochussenii,de Vriese,yes (2011 NIS),
Rhamnaceae,Colubrina asiatica,(L.) Brongn.,yes (ys),
Combretaceae,Combretum sundaicum,Miq.,yes (ys),
Malvaceae,Commersonia bartramia,(L.) Merr.,yes (ys),
Connaraceae,Connarus ferrugineus,Jack,yes (Wei Wei),
Connaraceae,Connarus grandis,Jack,yes (Wei Wei),
Connaraceae,Connarus semidecandrus,Jack,yes (ys),
Rubiaceae,Coptosapelta griffithii,Hook.f.,yes (ys),
Boraginaceae,Cordia dichotoma,G.Forst.,yes (ys),
Boraginaceae,Cordia subcordata,Lam.,yes (Hugh Tan),
Menispermaceae,Coscinium fenestratum,(Goetgh.) Colebr.,yes (ys),
Hypericaceae,Cratoxylum arborescens,(Vahl) Blume,yes (ys),
Hypericaceae,Cratoxylum cochinchinense,(Lour.) Blume,yes (ys),
Hypericaceae,Cratoxylum formosum,(Jacq.) Benth. & Hook.f. ex Dyer,yes (ys),
Hypericaceae,Cratoxylum maingayi,Dyer,yes (ys),
Hymenophyllaceae,Crepidomanes minutum,(Blume) K. Iwats.,yes (Chong),
Amaryllidaceae,Crinum asiaticum,L.,yes (ys),
Euphorbiaceae,Croton caudatus,Geiseler,yes (ys),
Euphorbiaceae,Croton griffithii,Hook.f.,yes (Jolyn),
Euphorbiaceae,Croton oblongus,Burm.f.,yes (ys),
Araceae,Cryptocoryne griffithii,Schott,yes (ys),
Ctenolophonaceae,Ctenolophon parvifolius,Oliv.,yes (ys),
Cyatheaceae,Cyathea latebrosa,(Wall. ex Hook.) Copel.,yes (ys),
Cyatheaceae,Cyathea squamulata,(Blume) Copel.,yes (ys),
Annonaceae,Cyathocalyx ramuliflorus,(Maingay ex Hook.f. & Thomson) Scheff.,yes (ys),
Annonaceae,Cyathocalyx ridleyi,(King) J.Sinclair,yes (ys),
Amaranthaceae,Cyathula prostrata,(L.) Blume,yes (ys),
Menispermaceae,Cyclea laxiflora,Miers,yes (ys),
Thelypteridaceae,Cyclosorus interruptus,(Willd.) H. Itô,yes (ys),
Orchidaceae,Cymbidium bicolor subsp. pubescens,(Lindl.) Du Puy & P.J.Cribb,"yes (Yam, 2013)",
Orchidaceae,Cymbidium finlaysonianum,Lindl.,yes (ys),
Poaceae,Cynodon dactylon,(L.) Pers.,yes (ys),
Gesneriaceae,Cyrtandra pendula,Blume,yes (ys),
Araceae,Cyrtosperma merkusii,(Hassk.) Schott,yes (ys),
Arecaceae,Cyrtostachys renda,Blume,"yes (Loo et al., 2014)",
Orchidaceae,Cystorchis variegata,Blume,yes (2011 NIS),
Burseraceae,Dacryodes incurvata,(Engl.) H.J.Lam,yes (Wei Wei),
Burseraceae,Dacryodes laxa,(A.W.Benn.) H.J.Lam,yes (Wei Wei),
Burseraceae,Dacryodes longifolia,(King) H.J.Lam,yes (Wei Wei),
Burseraceae,Dacryodes rostrata,(Blume) H.J.Lam,yes (ys),
Burseraceae,Dacryodes rugosa,(Blume) H.J.Lam,yes (Wei Wei),
Arecaceae,Daemonorops angustifolia,(Griff.) Mart.,"yes (Loo et al., 2014)",
Arecaceae,Daemonorops didymophylla,Becc.,"yes (Loo et al., 2014)",
Arecaceae,Daemonorops grandis,(Griff.) Mart.,"yes (Loo et al., 2014)",
Arecaceae,Daemonorops hirsuta,Blume,"yes (Loo et al., 2014)",
Arecaceae,Daemonorops kunstleri,Becc.,"yes (Loo et al., 2014)",
Arecaceae,Daemonorops leptopus,(Griff.) Mart.,"yes (Loo et al., 2014)",
Arecaceae,Daemonorops longipes,(Griff.) Mart.,"yes (Loo et al., 2014)",
Arecaceae,Daemonorops micracantha,(Griff.) Becc.,"yes (Loo et al., 2014)",
Arecaceae,Daemonorops periacantha,Miq.,"yes (Loo et al., 2014)",
Arecaceae,Daemonorops sabut,Becc.,"yes (Loo et al., 2014)",
Leguminosae,Dalbergia junghuhnii,Benth.,yes (ys),
Leguminosae,Dalbergia rostrata,Hassk.,yes (ys),
Leguminosae,Dalbergia velutina,Benth.,yes (Wei Wei),
Davalliaceae,Davallia denticulata,(Burm. f.) Mett. ex Kuhn,yes (ys),
Davalliaceae,Davallia solida,(G. Forst.) Sw.,yes (ys),
Myrtaceae,Decaspermum fruticosum,J.R.Forst. & G.Forst.,yes (ys),
Lauraceae,Dehaasia incrassata,(Jack) Kosterm.,yes (ys),
Orchidaceae,Dendrobium aloifolium,(Blume) Rchb.f.,yes (2010 NIS),
Orchidaceae,Dendrobium crumenatum,Sw.,yes (ys),
Leguminosae,Dendrolobium umbellatum,(L.) Benth.,yes (ys),
Loranthaceae,Dendrophthoe pentandra,(L.) Miq.,yes (ys),
Bignoniaceae,Deplanchea bancana,(Scheff.) Steenis,yes (ys),
Leguminosae,Derris maingayana,Baker,yes (Wei Wei),
Leguminosae,Derris trifoliata,Lour.,yes (ys),
Annonaceae,Desmos dasymaschalus,(Blume) Safford,yes (ys),
Leguminosae,Dialium platysepalum,Baker,yes (ys),
Xanthorrhoeaceae,Dianella ensifolia,(L.) DC.,yes (ys),
Dichapetalaceae,Dichapetalum sordidum,(Hook.f.) Leenh.,yes (ys),
Gleicheniaceae,Dicranopteris curranii,Copel.,yes (ys),
Gleicheniaceae,Dicranopteris linearis,(Burm. f.) Underw.,yes (ys),
Gesneriaceae,Didymocarpus platypus,C.B. Clarke,yes (ys),
Orchidaceae,Didymoplexis pallens,Griff.,yes (comment),"m-still present in BTNR according to source: http://osssu.org/main/tim-wing-yam-article.html, changed last record date from 1902 to 2015"
Dilleniaceae,Dillenia excelsa,(Jack) Martelli ex Gilg.,yes (ys),
Dilleniaceae,Dillenia grandifolia,Wall. ex Hook. f. & Thoms.,yes (ys),
Dilleniaceae,Dillenia suffruticosa,(Griff.) Martelli,yes (ys),
Dioscoreaceae,Dioscorea glabra,Roxb.,yes (reuben),
Dioscoreaceae,Dioscorea laurifolia,Wall. ex Hook.f.,yes (ys),
Dioscoreaceae,Dioscorea orbiculata (var. tenuifolia ),(Ridl.) Thapyai,yes (ys),
Dioscoreaceae,Dioscorea polyclados,Hook.f.,yes (reuben),
Dioscoreaceae,Dioscorea pyrifolia,Kunth,yes (ys),
Dioscoreaceae,Dioscorea stenomeriflora,Prain & Burkill,yes (reuben),
Ebenaceae,Diospyros argentea,Griff.,yes (ys),
Ebenaceae,Diospyros buxifolia,(Blume) Hiern,yes (ys),
Ebenaceae,Diospyros diepenhorstii,Miq.,yes (louise),
Ebenaceae,Diospyros lanceifolia,Roxb.,yes (ys),
Ebenaceae,Diospyros oblonga,Wall. ex G.Don,yes (ys),
Ebenaceae,Diospyros styraciformis,King & Gamble,yes (ys),
Athyriaceae,Diplazium cordifolium,Blume,yes (ys),
Athyriaceae,Diplazium crenato-serratum,T. Moore,yes (ys),
Melastomataceae,Diplectria divaricata,Kuntze,yes (ys),
Rubiaceae,Diplospora malaccensis,Hook.f.,yes (ys),
Dipterocarpaceae,Dipterocarpus caudatus (subsp. penangianus),Foxw.,yes (ys),
Dipterocarpaceae,Dipterocarpus cornutus,Dyer,yes (ys),
Dipterocarpaceae,Dipterocarpus grandiflorus,(Blanco) Blanco,yes (ys),
Dipterocarpaceae,Dipterocarpus kunstleri,King,yes (ys),
Dipterocarpaceae,Dipterocarpus sublamellatus,Foxw.,yes (Wei Wei),
Dipterocarpaceae,Dipterocarpus tempehes,Slooten,yes (ys),
Apocynaceae,Dischidia acutifolia,Maingay ex Hook.f,yes (comment),"y-recorded in Gard Bull Sing 2015 Vol 67(1), new record for Singapore"
Apocynaceae,Dischidia major,(Vahl) Merr.,yes (ys),
Apocynaceae,Dischidia nummularia,R.Br.,yes (ys),
Melastomataceae,Dissochaeta celebica,Blume,yes (ys),
Melastomataceae,Dissochaeta gracilis,Blume,yes (ys),
Bignoniaceae,Dolichandrone spathacea,(L.f.) Seem.,yes (ys),
Marantaceae,Donax canniformis,(G.Forst.) K.Schum.,yes (ys),
Asparagaceae,Dracaena cantleyi,Baker,yes (ys),
Asparagaceae,Dracaena granulata,Hook.f.,yes (ys),
Asparagaceae,Dracaena maingayi,Hook.f.,yes (ys),
Asparagaceae,Dracaena porteri,Baker,yes (ys),
Polypodiaceae,Drynaria quercifolia,(L.) J. Sm.,yes (ys),
Polypodiaceae,Drynaria sparsisora,(Desv.) T. Moore,yes (ys),
Putranjivaceae,Drypetes pendula,Ridl.,yes (ys),
Malvaceae,Durio griffithii,(Mast.) Bakh.,yes (ys),
Malvaceae,Durio singaporensis,Ridl.,yes (ys),
Apocynaceae,Dyera costulata,(Miq.) Hook.f.,yes (ys),
Meliaceae,Dysoxylum cauliflorum,Hiern,yes (ys),
Elaeocarpaceae,Elaeocarpus acmosepalus,Stapf ex Ridl.,yes (ys),
Elaeocarpaceae,Elaeocarpus ferrugineus,(Jacq.) Steud.,yes (ys),
Elaeocarpaceae,Elaeocarpus mastersii,King,yes (ys),
Elaeocarpaceae,Elaeocarpus obtusus (subsp. apiculatus),(Mast.) Coode,yes (ys),
Elaeocarpaceae,Elaeocarpus palembanicus,(Miq.) Corner,yes (ys),
Elaeocarpaceae,Elaeocarpus pedunculatus,Wall. ex Mast.,yes (ys),
Elaeocarpaceae,Elaeocarpus petiolatus,(Jacq.) Wall.,yes (ys),
Elaeocarpaceae,Elaeocarpus polystachyus,Wall. ex Müll.Berol.,yes (ys),
Elaeocarpaceae,Elaeocarpus salicifolius,King,yes (ys),
Elaeocarpaceae,Elaeocarpus stipularis,Blume,yes (ys),
Arecaceae,Eleiodoxa conferta,(Griff.) Burret,yes (ys),
Zingiberaceae,Elettariopsis curtisii ,Baker,yes (Matti),
Connaraceae,Ellipanthus tomentosus,Kurz,yes (ys),
Primulaceae,Embelia canescens,Jack ex Roxb.,yes (ys),
Primulaceae,Embelia ribes,Burm.f.,yes (ys),
Myristicaceae,Endocomia canarioides,(King) W.J.de Wilde,yes (reuben),
Euphorbiaceae,Endospermum diadenum,(Miq.) Airy Shaw,yes (ys),
Thymelaeaceae,Enkleia malaccensis,Griff.,yes (ys),
Leguminosae,Entada spiralis,Ridl.,yes (ys),
Araceae,Epipremnum giganteum,(Roxb.) Schott,yes (ys),
Araceae,Epipremnum pinnatum,(L.) Engl.,yes (ys),
Poaceae,Eragrostis atrovirens,(Desf.) Trin. ex Steud.,yes (ys),
Convolvulaceae,Erycibe griffithii,C.B.Clarke,yes (reuben),
Convolvulaceae,Erycibe leucoxyloides,King ex Prain,yes (ys),
Convolvulaceae,Erycibe tomentosa,Blume,yes (ys),
Olacaceae,Erythropalum scandens,Blume,yes (ys),
Erythroxylaceae,Erythroxylum cuneatum,(Miq.) Kurz,yes (ys),
Zingiberaceae,Etlingera maingayi,(Baker) R.M.Sm.,yes (Matti),
Zingiberaceae,Etlingera punicea,(Roxb.) R.M. Sm. ,yes (Matti),
Pentaphylacaceae,Eurya acuminata,DC.,yes (ys),
Simaroubaceae,Eurycoma longifolia,Jack,yes (ys),
Euphorbiaceae,Excoecaria agallocha,L.,yes (ys),
Gentianaceae,Fagraea fragrans,Roxb.,yes (ys),
Menispermaceae,Fibraurea tinctoria,Lour.,yes (ys),
Moraceae,Ficus apiocarpa,(Miq.) Miq.,yes (ys),
Moraceae,Ficus aurata,(Miq.) Miq.,yes (ys),
Moraceae,Ficus binnendijkii,Miq.,yes (ys),
Moraceae,Ficus caulocarpa,(Miq.) Miq.,yes (reuben),
Moraceae,Ficus chartacea,(Wall. ex Kurz) Wall. ex King,yes (ys),
Moraceae,Ficus consociata,Blume,yes (ys),
Moraceae,Ficus crassiramea,(Miq.) Miq.,yes (ys),
Moraceae,Ficus delosyce,Corner,yes (ys),
Moraceae,Ficus deltoidea,Jack,yes (reuben),
Moraceae,Ficus fistulosa,Reinw. ex Blume,yes (ys),
Moraceae,Ficus glandulifera,(Wall. ex Miq.) King,yes (reuben),
Moraceae,Ficus globosa,Blume,yes (ys),
Moraceae,Ficus grossularioides,Burm.f.,yes (ys),
Moraceae,Ficus heteropleura,Blume,yes (ys),
Moraceae,Ficus kerkhovenii,Koord. & Valeton,yes (ys),
Moraceae,Ficus laevis,Blume,yes (reuben),
Moraceae,Ficus microcarpa,L.f.,yes (ys),
Moraceae,Ficus microsyce,Ridl.,yes (ys),
Moraceae,Ficus obscura (var. borneensis),(Miq.) Corner,yes (reuben),
Moraceae,Ficus pisocarpa,Blume,yes (reuben),
Moraceae,Ficus punctata,Thunb.,yes (ys),
Moraceae,Ficus recurva (var. ribesioides),Blume,yes (reuben),
Moraceae,Ficus retusa,L.,yes (ys),
Moraceae,Ficus sagittata,Vahl,yes (ys),
Moraceae,Ficus schwarzii,Koord.,yes (ys),
Moraceae,Ficus sinuata,Thunb.,yes (reuben),
Moraceae,Ficus stricta,(Miq.) Miq.,yes (2012 NIS),
Moraceae,Ficus subgelderi,Corner,yes (reuben),
Moraceae,Ficus sundaica,Blume,yes (reuben),
Moraceae,Ficus superba,Miq.,yes (ys),
Moraceae,Ficus trichocarpa,Blume,yes (ys),
Moraceae,Ficus variegata,Blume,yes (ys),
Moraceae,Ficus vasculosa,Wall. ex Miq.,yes (ys),
Moraceae,Ficus villosa,Blume,yes (ys),
Moraceae,Ficus virens,Aiton,yes (ys),
Moraceae,Ficus xylophylla,(Miq.) Wall. ex Miq.,yes (ys),
Apocynaceae,Finlaysonia obovata,Wall.,yes (ys),
Annonaceae,Fissistigma fulgens,(Hook.f. & Thomson) Merr.,yes (ys),
Annonaceae,Fissistigma latifolium (var. ovoideum),(Dunal) Merr.,yes (ys),
Salicaceae,Flacourtia rukam,Zoll. & Moritzi,yes (ys),
Flagellariaceae,Flagellaria indica,L.,yes (ys),
Annonaceae,Friesodielsia latifolia,(Hook.f. & Thomson) Steenis,yes (ys),
Rubiaceae,Gaertnera grisea,Hook.f. ex C.B.Clarke,yes (ys),
Rubiaceae,Gaertnera obesa,Hook.f. ex C.B.Clarke,yes (ys),
Rubiaceae,Gaertnera viminea,Hook.f. ex C.B.Clarke,yes (ys),
Pandaceae,Galearia fulva,(Tul.) Miq.,yes (ys),
Pandaceae,Galearia maingayi,Hook.f.,yes (Louise),
Clusiaceae,Garcinia atroviridis,Griff. ex T.Anderson,yes (ys),
Clusiaceae,Garcinia forbesii,King,yes (ys),
Clusiaceae,Garcinia griffithii,T.Anderson,yes (ys),
Clusiaceae,Garcinia hombroniana,Pierre,yes (ys),
Clusiaceae,Garcinia parvifolia,(Miq.) Miq.,yes (ys),
Clusiaceae,Garcinia rostrata,(Hassk.) Miq.,yes (ys),
Clusiaceae,Garcinia scortechinii,King,yes (ys),
Rubiaceae,Gardenia subcarinata,(Corner) Y.W.Low,yes (ys),
Rubiaceae,Geophila repens,(L.) I.M.Johnst.,yes (ys),
Cannabaceae,Gironniera nervosa,Planch.,yes (ys),
Cannabaceae,Gironniera parvifolia,Planch.,yes (ys),
Cannabaceae,Gironniera subaequalis,Planch.,yes (ys),
Gleicheniaceae,Gleichenia truncata,(Willd.) Spreng.,yes (ys),
Zingiberaceae,Globba leucantha,Miq.,yes (ys),
Zingiberaceae,Globba pendula,Roxb.,yes (Matti),
Phyllanthaceae,Glochidion lutescens,Blume,yes (ys),
Phyllanthaceae,Glochidion superbum,Baill. ex Müll.Arg.,yes (ys),
Anacardiaceae,Gluta wallichii,(Hook.f.) Ding Hou,yes (ys),
Rutaceae,Glycosmis chlorosperma,(Blume) Spreng.,yes (ys),
Gnetaceae,Gnetum gnemon,L.,yes (ys),
Gnetaceae,Gnetum macrostachyum,Hook.f.,yes (ys),
Gnetaceae,Gnetum microcarpum,Blume,yes (ys),
Stemonuraceae,Gomphandra quadrifida (var. ovalifolia),(Blume) Sleumer,yes (ys),
Polypodiaceae,Goniophlebium percussum,(Cav.) Wagner & Grether,yes (ys),
Annonaceae,Goniothalamus ridleyi,King,yes (louise),
Annonaceae,Goniothalamus tapis,Miq.,yes (ys),
Cardiopteridaceae,Gonocaryum gracile,Miq.,yes (ys),
Thymelaeaceae,Gonystylus confusus,Airy Shaw,yes (ys),
Theaceae,Gordonia multinervis,King,yes (ys),
Theaceae,Gordonia penangensis,Ridl.,yes (ys),
Theaceae,Gordonia singaporeana,(Dyer) Wall. ex Ridl.,yes (ys),
Primulaceae,Grenacheria amentacea,(C.B.Clarke) Mez,yes (ys),
Malvaceae,Grewia laevigata,Vahl,yes (ys),
Sapindaceae,Guioa pleuropteris,(Blume) Radlk.,yes (ys),
Sapindaceae,Guioa pubescens,(Zoll. & Moritzi) Radlk.,yes (ys),
Myristicaceae,Gymnacranthera bancana,(Miq.) J.Sinclair,yes (ys),
Myristicaceae,Gymnacranthera farquhariana,(Hook.f. & Thomson) Warb.,yes (ys),
Myristicaceae,Gymnacranthera forbesii,(King) Warb.,yes (ys),
Rubiaceae,Gynochthodes coriacea,Blume,yes (ys),
Rubiaceae,Gynochthodes sublanceolata,Miq.,yes (ys),
Rhizophoraceae,Gynotroches axillaris,Blume,yes (ys),
Euphorbiaceae,Hancea penangensis,"(Müll.Arg.) S.E.C.Sierra, Kulju & Welzen",yes (ys),
Hanguanaceae,Hanguana neglecta,Škorničk. & Niissalo,yes [Sing. Gard. Bull. 67(1)],
Hanguanaceae,Hanguana nitens,"Siti Nurfazilah, Mohd Fahmi, Sofiman Othman & P.C.Boyce",yes [Sing. Gard. Bull. 67(1)],
Hanguanaceae,Hanguana rubinea,Škorničk. & P.C.Boyce,yes [Sing. Gard. Bull. 67(1)],
Hanguanaceae,Hanguana triangulata,Škorničk. & P.C.Boyce,yes [Sing. Gard. Bull. 67(1)],
Rubiaceae,Hedyotis capitellata,Wall. ex G.Don,yes (ys),
Rubiaceae,Hedyotis pinifolia,Wall. ex G.Don,yes (ys),
Malvaceae,Heritiera borneensis,(Merr.) Kosterm.,yes (reuben),
Malvaceae,Heritiera elata,Ridl.,yes (ys),
Malvaceae,Heritiera littoralis,Aiton,yes (ys),
Malvaceae,Heritiera simplicifolia,(Mast.) Kosterm.,yes (ys),
Tectariaceae,Heterogonium sagenioides,(Mett.) Holttum,yes (ys),
Salicaceae,Homalium grandiflorum,Benth.,yes (ys),
Dipterocarpaceae,Hopea ferruginea,Parijs,yes (ys),
Dipterocarpaceae,Hopea griffithii,Kurz,yes (ys),
Dipterocarpaceae,Hopea mengarawan,Miq.,yes (ys),
Dipterocarpaceae,Hopea sangal,Korth.,yes (ys),
Zingiberaceae,Hornstedtia leonurus,(J.Koenig) Retz.,yes (ys),
Zingiberaceae,Hornstedtia scyphifera,(J.Koenig) Steud.,yes (ys),
Myristicaceae,Horsfieldia crassifolia,(Hook.f. & Thomson) Warb.,yes (reuben),
Myristicaceae,Horsfieldia grandis,(Hook.f.) Warb.,yes (reuben),
Myristicaceae,Horsfieldia polyspherula,(Hook.f. ex King) J.Sinclair,yes (ys),
Myristicaceae,Horsfieldia punctatifolia,J.Sinclair,yes (reuben),
Myristicaceae,Horsfieldia sucosa,Warb.,yes (reuben),
Myristicaceae,Horsfieldia superba,Warb.,yes (reuben),
Myristicaceae,Horsfieldia wallichii,Warb.,yes (reuben),
Apocynaceae,Hoya coronaria,Blume,yes (ys),
Apocynaceae,Hoya latifolia,G.Don,yes (ys),
Apocynaceae,Hoya obtusifolia,Wight,yes (Michele Rodda),
Apocynaceae,Hoya verticillata,(Vahl) G. Don,yes (ys),
Lycopodiaceae,Huperzia phlegmaria,(L.) Rothm.,yes (ys),
Rubiaceae,Hydnophytum formicarum,Jack,yes (ys),
Cyperaceae,Hypolytrum nemorum (var. proliferum),(Vahl) Spreng.,yes (ys),
Menispermaceae,Hypserpa nitida,Miers ex Benth.,yes (ys),
Arecaceae,Iguanura geonomiformis,Mart.,yes (ys),
Aquifoliaceae,Ilex cymosa,Blume,yes (ys),
Linaceae,Indorouchera griffithiana,(Planch.) Hallier f.,yes (ys),
Icacinaceae,Iodes ovalis,Blume,yes (ys),
Icacinaceae,Iodes velutina,King,yes (ys),
Convolvulaceae,Ipomoea mauritiana,Jacq.,yes (reuben),
Convolvulaceae,Ipomoea pes-caprae,(L.) R. Br.,yes (reuben),
Convolvulaceae,Ipomoea pes-tigridis,L.,yes (reuben),
Convolvulaceae,Ipomoea violacea,L.,yes (reuben),
Irvingiaceae,Irvingia malayana,Oliv. ex A.W.Benn.,yes (ys),
Poaceae,Ischaemum muticum,L.,yes (ys),
Ixonanthaceae,Ixonanthes icosandra,Jack,yes (ys),
Ixonanthaceae,Ixonanthes reticulata,Jack,yes (ys),
Rubiaceae,Ixora congesta,Roxb.,yes (ys),
Rubiaceae,Ixora lobbii,Loudon,yes (ys),
Rubiaceae,Ixora pendula,Jack,yes (ys),
Oleaceae,Jasminum elongatum,(P.J.Bergius) Willd.,yes (ys),
Schisandraceae,Kadsura scandens,(Blume) Blume,yes (ys),
Apocynaceae,Kibatalia maingayi,(Hook.f.) Woodson,yes (ys),
Malvaceae,Kleinhovia hospita,L.,yes (Chong friendly list),
Myristicaceae,Knema communis,J.Sinclair,yes (reuben),
Myristicaceae,Knema conferta,(King) Warb.,yes (reuben),
Myristicaceae,Knema curtisii,Warb.,yes (ys),
Myristicaceae,Knema furfuracea,(Hook. f. & Thomson) Warb.,yes (reuben),
Myristicaceae,Knema glaucescens,Jack,yes (reuben),
Myristicaceae,Knema globularia,(Lam.) Warb.,yes (ys),
Myristicaceae,Knema hookeriana,Warb.,yes (ys),
Myristicaceae,Knema intermedia,Warb.,yes (ys),
Myristicaceae,Knema latericia,Elmer,yes (ys),
Myristicaceae,Knema laurina,Warb.,yes (ys),
Myristicaceae,Knema malayana,Warb.,yes (ys),
Euphorbiaceae,Koilodepas longifolium,Hook.f.,yes (ys),
Celastraceae,Kokoona reflexa,(M.A.Lawson) Ding Hou,yes (ys),
Leguminosae,Koompassia malaccensis,Benth.,yes (ys),
Apocynaceae,Kopsia singapurensis,Ridl.,yes (ys),
Arecaceae,Korthalsia echinometra,Becc.,"yes (Loo et al., 2014)",
Arecaceae,Korthalsia flagellaris,Miq.,"yes (Loo et al., 2014)",
Arecaceae,Korthalsia rigida,Blume,"yes (Loo et al., 2014)",
Arecaceae,Korthalsia rostrata,Blume,"yes (Loo et al., 2014)",
Leguminosae,Kunstleria ridleyi,Prain,yes (ys),
Primulaceae,Labisia pumila,(Blume) Fern.-Vill.,yes (ys),
Araceae,Lasia spinosa,(L.) Thwaites,yes (ys),
Rubiaceae,Lasianthus attenuatus,Jack,yes (ys),
Polypodiaceae,Lecanopteris crustacea,Copel.,yes (ys),
Polypodiaceae,Lecanopteris sinuosa,(Wall.ex Hook.) Copel.,yes (ys),
Vitaceae,Leea angulata,Korth. ex Miq.,yes (ys),
Vitaceae,Leea indica,(Burm. f.) Merr.,yes (ys),
Vitaceae,Leea rubra,Blume ex Spreng.,yes (reuben),
Opiliaceae,Lepionurus sylvestris,Blume,yes (ys),
Cyperaceae,Lepironia articulata,(Retz.) Domin,yes (ys),
Sapindaceae,Lepisanthes rubiginosa,(Roxb.) Leenh.,yes (ys),
Apocynaceae,Leuconotis griffithii,Hook.f.,yes (ys),
Chrysobalanaceae,Licania splendens,(Korth.) Prance,yes (ys),
Arecaceae,Licuala ferruginea,Becc.,yes (ys),
Arecaceae,Licuala spinosa,Wurmb,yes (ys),
Menispermaceae,Limacia scandens,Lour.,yes (ys),
Lauraceae,Lindera lucida,Boerl.,yes (ys),
Lindsaeaceae,Lindsaea cultrata,(Willd.) Sw.,yes (ys),
Lindsaeaceae,Lindsaea divergens,Hook. & Grev.,yes (ys),
Lindsaeaceae,Lindsaea ensifolia,Sw.,yes (ys),
Orchidaceae,Liparis barbata,Lindl.,yes (2010 NIS),
Orchidaceae,Liparis ferruginea,Lindl.,yes (comment),"m-still grows in Tampines (though not seen in 2016; https://orchid.unibas.ch/index.php/en/database-search/advanced-search?SearchResultID=186694 - there is also a NIS paper but I can't find it) and Simpang (https://www.nss.org.sg/report/dd603a22-7SustainableSingaporeProjectNatureSocietyReportFinal.pdf), changed last record date from 1899 to 2015"
Fagaceae,Lithocarpus bennettii,(Miq.) Rehder,yes (ys),
Fagaceae,Lithocarpus cantleyanus,(King ex Hook.f.) Rehder,yes (ys),
Fagaceae,Lithocarpus conocarpus,(Oudem.) Rehder,yes (ys),
Fagaceae,Lithocarpus elegans,(Blume) Hatus. ex Soepadmo,yes (ys),
Fagaceae,Lithocarpus encleisocarpus,(Korth.) A.Camus,yes (ys),
Fagaceae,Lithocarpus ewyckii,(Korth.) Rehder,yes (ys),
Fagaceae,Lithocarpus lucidus,(Roxb.) Rehder,yes (ys),
Lauraceae,Litsea accedens,(Blume) Boerl.,yes (ys),
Lauraceae,Litsea castanea,Hook.f.,yes (ys),
Lauraceae,Litsea cordata,(Jack) Hook.f.,yes (ys),
Lauraceae,Litsea elliptica,Blume,yes (ys),
Lauraceae,Litsea ferruginea,Blume,yes (ys),
Lauraceae,Litsea firma,(Blume) Hook.f.,yes (ys),
Lauraceae,Litsea grandis,(Nees) Hook.f.,yes (ys),
Lauraceae,Litsea lancifolia,(Roxb. ex Nees) Fern.-Vill.,yes (ys),
Celastraceae,Lophopetalum wightianum,Arn.,yes (ys),
Combretaceae,Lumnitzera littorea,(Jack) Voigt,yes (ys),
Combretaceae,Lumnitzera racemosa,Willd.,yes (ys),
Rutaceae,Luvunga crassifolia,Tanaka,yes (ys),
Lycopodiaceae,Lycopodiella cernua,(L.) Pic. Serm.,yes (ys),
Lygodiaceae,Lygodium circinnatum,(Burm. f.) Sw.,yes (ys),
Lygodiaceae,Lygodium flexuosum,(L.) Sw.,yes (ys),
Lygodiaceae,Lygodium longifolium,(Willd.) Sw.,yes (ys),
Lygodiaceae,Lygodium microphyllum,(Cav.) R. Br.,yes (ys),
Lygodiaceae,Lygodium salicifolium,C.Presl,yes (ys),
Euphorbiaceae,Macaranga bancana,(Miq.) Müll.Arg.,yes (ys),
Euphorbiaceae,Macaranga conifera,(Rchb.f. & Zoll.) Müll.Arg.,yes (ys),
Euphorbiaceae,Macaranga gigantea,(Rchb.f. & Zoll.) Müll.Arg.,yes (ys),
Euphorbiaceae,Macaranga griffithiana,Müll.Arg.,yes (ys),
Euphorbiaceae,Macaranga heynei,I.M.Johnst.,yes (ys),
Euphorbiaceae,Macaranga hullettii,King ex Hook.f.,yes (ys),
Euphorbiaceae,Macaranga hypoleuca,(Rchb.f. & Zoll.) Müll.Arg.,yes (ys),
Euphorbiaceae,Macaranga lowii,King ex Hook.f.,yes (ys),
Euphorbiaceae,Macaranga recurvata,Gage,yes (ys),
Euphorbiaceae,Macaranga trichocarpa,(Zoll.) Müll.Arg.,yes (ys),
Rutaceae,Maclurodendron porteri,(Hook. f.) T.G. Hartley,yes (ys),
Loranthaceae,Macrosolen cochinchinensis,(Lour.) Tiegh.,yes (ys),
Loranthaceae,Macrosolen retusus,Blume,yes (ys),
Sapotaceae,Madhuca kingiana,(Brace ex King & Gamble) H.J.Lam,yes (ys),
Primulaceae,Maesa ramentacea,(Roxb.) A. DC.,yes (ys),
Magnoliaceae,Magnolia elegans,(Blume) H.Keng,yes (ys),
Magnoliaceae,Magnolia maingayi,King,yes (ys),
Magnoliaceae,Magnolia singapurensis,(Ridl.) H.Keng,yes (ys),
Euphorbiaceae,Mallotus paniculatus,(Lam.) Müll.Arg.,yes (ys),
Anacardiaceae,Mangifera caesia,Jack,yes (reuben),
Anacardiaceae,Mangifera foetida,Lour.,yes (reuben),
Anacardiaceae,Mangifera griffithii,Hook.f.,yes (reuben),
Anacardiaceae,Mangifera magnifica,Kochummen,yes (reuben),
Anacardiaceae,Mangifera odorata,Griff.,yes (reuben),
Anacardiaceae,Mangifera quadrifida,Jack,yes (ys),
Cyperaceae,Mapania cuspidata,(Miq.) Uittien,yes (ys),
Chrysobalanaceae,Maranthes corymbosa,Blume,yes (ys),
Phyllanthaceae,Margaritaria indica,(Dalzell) Airy Shaw,yes (ys),
Apocynaceae,Marsdenia maingayi,(Hook.f.) P.I.Forst,yes (ys),
Monimiaceae,Matthaea sancta,Blume,yes (ys),
Anacardiaceae,Melanochyla angustifolia,Hook.f.,yes (reuben),
Anacardiaceae,Melanochyla auriculata,Hook.f.,yes (reuben),
Anacardiaceae,Melanochyla caesia,(Blume) Ding Hou,yes (reuben),
Melastomataceae,Melastoma malabathricum,L.,yes (ys),
Rutaceae,Melicope lunu-ankenda,(Gaertn.) T.G. Hartley,yes (ys),
Sabiaceae,Meliosma pinnata,(Roxb.) Maxim.,yes (ys),
Memecylaceae,Memecylon amplexicaule,Roxb.,yes (ys),
Memecylaceae,Memecylon cantleyi,Ridl.,yes (ys),
Memecylaceae,Memecylon excelsum,Blume,yes (louise),
Memecylaceae,Memecylon floridum,Ridl.,yes (louise),
Memecylaceae,Memecylon lilacinum,Zoll. & Moritzi,yes (ys),
Memecylaceae,Memecylon paniculatum,Jack,yes (ys),
Convolvulaceae,Merremia hederacea,(Burm. f.) Hallier f.,yes (ys),
Thelypteridaceae,Mesophlebion chlamydophorum,(Rosenst. ex C. Chr.) Holttum,yes (ys),
Thelypteridaceae,Mesophlebion motleyanum,(Hook.) Holttum,yes (ys),
Apocynaceae,Micrechites serpyllifolius,(Blume) Kosterm.,yes (ys),
Malvaceae,Microcos blattaefolia,(Corner) Rao,yes (reuben),
Malvaceae,Microcos globulifera,(Mast.) Burret,yes (reuben),
Malvaceae,Microcos hirsuta,(Korth.) Burret,yes (reuben),
Pandaceae,Microdesmis caseariifolia,Planch. ex Hook.,yes (ys),
Dennstaedtiaceae,Microlepia speluncae,(L.) T. Moore,yes (ys),
Polypodiaceae,Microsorum punctatum,(L.) Copel.,yes (ys),
Annonaceae,Mitrella kentii,(Blume) Miq.,yes (ys),
Hypoxidaceae,Molineria capitulata,(Lour.) Herb.,yes (ys),
Hypoxidaceae,Molineria latifolia,(Dryand. ex W.T.Aiton) Herb. ex Kurz,yes (ys),
Annonaceae,Monocarpia marginalis,(Scheff.) Sinclair,yes (comment),
Myricaceae,Morella esculenta,(Buch.-Ham. ex D. Don) I.M. Turner,yes (ys),
Rubiaceae,Morinda umbellata,L.,yes (ys),
Rubiaceae,Mussaenda glabra,Vahl,yes (ys),
Arecaceae,Myrialepis paradoxa,(Kurz) J.Dransf.,yes (ys),
Myristicaceae,Myristica cinnamomea,King,yes (ys),
Myristicaceae,Myristica elliptica,Wall.,yes (reuben),
Myristicaceae,Myristica iners,Blume,yes (reuben),
Myristicaceae,Myristica lowiana,King,yes (reuben),
Myristicaceae,Myristica maingayi,Hook.f.,yes (reuben),
Myristicaceae,Myristica maxima,Warb.,yes (ys),
Rubiaceae,Nauclea officinalis,(Pierre ex Pit.) Merr. & Chun,yes (ys),
Malvaceae,Neesia malayana,Bakh.,yes (reuben),
Malvaceae,Neesia synandra,Mast.,yes (ys),
Arecaceae,Nenga pumila (var. pachystachya),(Blume) H.Wendl.,yes (ys),
Lauraceae,Neolitsea cassia,(L.) Kosterm.,yes (ys),
Euphorbiaceae,Neoscortechinia sumatrensis,S.Moore,yes (ys),
Nepenthaceae,Nepenthes ampullaria,Jack,yes (ys),
Nepenthaceae,Nepenthes gracilis,Korth.,yes (ys),
Nepenthaceae,Nepenthes rafflesiana,Jack,yes (ys),
Orchidaceae,Nephelaphyllum pulchrum,Blume,yes (2011 NIS),
Sapindaceae,Nephelium cuspidatum,Blume,yes (ys),
Sapindaceae,Nephelium lappaceum,L.,yes (ys),
Sapindaceae,Nephelium laurinum,Blume,yes (ys),
Sapindaceae,Nephelium maingayi,Hiern,yes (Wei Wei),
Nephrolepidaceae,Nephrolepis acutifolia,(Desv.) Christ,yes (ys),
Lauraceae,Nothaphoebe umbelliflora,(Blume) Blume,yes (ys),
Vitaceae,Nothocissus spicifera,Griff.,yes (ys),
Menyanthaceae,Nymphoides indica,(L.) Kuntze,yes (ys),
Arecaceae,Nypa fruticans,Wurmb,yes (ys),
Olacaceae,Ochanostachys amentacea,Mast.,yes (ys),
Rubiaceae,Oldenlandia prostrata,Pires de Lima,yes (ys),
Oleaceae,Olea brachiata,(Lour.) Merr.,yes (ys),
Arecaceae,Oncosperma horridum,(Griff.) Scheff.,yes (ys),
Arecaceae,Oncosperma tigillarium,(Jack) Ridl.,yes (ys),
Ophioglossaceae,Ophioglossum pendulum,L.,yes (ys),
Ophioglossaceae,Ophioglossum reticulatum,L.,yes (ys),
Rubiaceae,Ophiorrhiza singaporensis,Ridl.,yes (ys),
Arecaceae,Orania sylvicola,(Griff.) H.E.Moore,"yes (Loo et al., 2014)",
Leguminosae,Ormosia bancana,(Miq.) Merr.,yes (ys),
Salicaceae,Osmelia philippina,Fern.-Vill.,yes (ys),
Poaceae,Ottochloa nodosa,(Kunth) Dandy,yes (ys),
Rubiaceae,Oxyceros fragrantissimus,(Ridl.) K.M.Wong,yes (ys),
Rubiaceae,Oxyceros longiflorus,(Lam.) T.Yamaz.,yes (ys),
Rubiaceae,Paederia foetida,L.,yes (ys),
Sapotaceae,Palaquium gutta,(Hook.) Baill.,yes (ys),
Sapotaceae,Palaquium hexandrum,(Griff.) Baill.,yes (Wei Wei),
Sapotaceae,Palaquium microphyllum,King & Gamble,yes (ys),
Sapotaceae,Palaquium obovatum,(Griff.) Engl.,yes (ys),
Sapotaceae,Palaquium rostratum,(Miq.) Burck,yes (ys),
Sapotaceae,Palaquium xanthochymum,(de Vriese) Pierre ex Burck,yes (Wei Wei),
Pandanaceae,Pandanus yvanii,Solms,yes (ys),
Apocynaceae,Parameria laevigata,(Juss.) Moldenke,yes (ys),
Apocynaceae,Parameria polyneura,Hook.f.,yes (ys),
Rutaceae,Paramignya scandens,Craib,yes (ys),
Chrysobalanaceae,Parastemon urophyllus,(Wall. ex A.DC.) A.DC.,yes (ys),
Chrysobalanaceae,Parinari oblongifolia,Hook.f.,yes (ys),
Anacardiaceae,Parishia insignis,Hook.f.,yes (ys),
Anacardiaceae,Parishia maingayi,Hook.f.,yes (ys),
Leguminosae,Parkia speciosa,Hassk.,yes (ys),
Poaceae,Paspalum vaginatum,Sw.,yes (ys),
Rubiaceae,Pavetta wallichiana,Steud.,yes (ys),
Asparagaceae,Peliosanthes teta,Andrews,yes (ys),
Rhizophoraceae,Pellacalyx axillaris,Korth.,yes (ys),
Rhizophoraceae,Pellacalyx saccardianus,Scort.,yes (ys),
Malvaceae,Pentace triptera,Mast.,yes (ys),
Pentaphragmataceae,Pentaphragma ellipticum var. ellipticum,Poulsen,yes (ys),
Rubiaceae,Pertusadina eurhyncha,(Miq.) Ridsdale,yes (ys),
Annonaceae,Phaeanthus ophthalmicus,(Roxb. ex G.Don) J.Sinclair,yes (ys),
Arecaceae,Pholidocarpus kingianus,(Becc.) Ridl.,"yes (Loo et al., 2014)",
Marantaceae,Phrynium hirtum,Ridl.,yes (ys),
Marantaceae,Phrynium parvum,(Ridl.) Holttum,yes (Matti),
Polypodiaceae,Phymatosorus scolopendria,(Burm. f.) Pic. Serm.,yes (ys),
Icacinaceae,Phytocrene bracteata,Wall.,yes (ys),
Euphorbiaceae,Pimelodendron griffithianum,(Müll.Arg.) Benth. ex Hook.f.,yes (ys),
Arecaceae,Pinanga malaiana,(Mart.) Scheff.,"yes (Loo et al., 2014)",
Arecaceae,Pinanga simplicifrons,(Miq.) Becc.,yes (ys),
Piperaceae,Piper caninum,Blume,yes (ys),
Piperaceae,Piper flavimarginatum,C.DC.,yes (ys),
Piperaceae,Piper macropiper,Pennant,yes (ys),
Piperaceae,Piper porphyrophyllum,N.E.Br.,yes (ys),
Piperaceae,Piper ribesioides,Wall.,yes (ys),
Piperaceae,Piper ridleyi,C.DC.,yes (ys),
Piperaceae,Piper sarmentosum,Roxb.,yes (ys),
Pittosporaceae,Pittosporum ferrugineum,W.T.Aiton,yes (ys),
Lecythidaceae,Planchonia grandis,Ridl.,yes (ys),
Polypodiaceae,Platycerium coronarium,(Mull.) Desv.,yes (ys),
Arecaceae,Plectocomia elongata,Mart. ex Blume,yes (ys),
Arecaceae,Plectocomiopsis geminiflora,(Griff.) Becc.,yes (2011 NIS),
Tectariaceae,Pleocnemia conjugata,(Blume) C. Presl,yes (ys),
Tectariaceae,Pleocnemia irregularis,(C. Presl) Holttum,yes (ys),
Orchidaceae,Plocoglottis gigantea,(Hook.f.) J.J.Sm.,yes (ys),
Orchidaceae,Plocoglottis javanica,Blume,yes (2011 NIS),
Orchidaceae,Plocoglottis lowii,Rchb.f.,yes (Matti),
Bonnetiaceae,Ploiarium alternifolium,(Vahl) Melch.,yes (ys),
Podocarpaceae,Podocarpus polystachyus,R.Br. ex Endl.,yes (ys),
Urticaceae,Poikilospermum suaveolens,(Blume) Merr.,yes (ys),
Annonaceae,Polyalthia angustissima,Ridl.,yes (ys),
Annonaceae,Polyalthia cauliflora,Hook.f. & Thomson,yes (ys),
Orchidaceae,Polystachya concreta,(Jacq.) Garay & H.R.Sweet,yes (2011 NIS),
Orchidaceae,Pomatocalpa diffusum,Breda,yes (2010 NIS),
Sapindaceae,Pometia pinnata,J.R. Forst. & G. Forst.,yes (ys),
Leguminosae,Pongamia pinnata,(L.) Pierre,yes (ys),
Annonaceae,Popowia tomentosa,Maingay ex Hook.f. & Thomson,yes (ys),
Sapotaceae,Pouteria malaccensis,(C.B.Clarke) Baehni,yes (ys),
Sapotaceae,Pouteria obovata,(R.Br.) Baehni,yes (ys),
Thelypteridaceae,Pronephrium repandum,(Fee) Holttum,yes (ys),
Thelypteridaceae,Pronephrium triphyllum,(Sw.) Holttum,yes (ys),
Rosaceae,Prunus arborea,(Blume) Kalkman,yes (ys),
Rosaceae,Prunus grisea,(Blume ex Müll.Berol.) Kalkman,yes (ys),
Rosaceae,Prunus polystachya,(Hook.f.) Kalkman,yes (ys),
Meliaceae,Pseudoclausena chrysogyne,(Miq.) T.Clark,yes (Wei Wei),
Psilotaceae,Psilotum nudum,(L.) P. Beauv.,yes (ys),
Rubiaceae,Psychotria helferiana,Kurz,yes (ys),
Rubiaceae,Psychotria maingayi,Hook.f.,yes (ys),
Rubiaceae,Psychotria ovoidea,Wall. ex Hook.f.,yes (ys),
Rubiaceae,Psychotria penangensis,Hook.f.,yes (ys),
Rubiaceae,Psychotria rostrata,Blume,yes (ys),
Pteridaceae,Pteris multifida,Poir.,yes (ys),
Pteridaceae,Pteris semipinnata,L.,yes (ys),
Pteridaceae,Pteris tripartita,Sw.,yes (ys),
Vitaceae,Pterisanthes eriopoda,Planch.,yes (ys),
Vitaceae,Pterisanthes polita,Planch.,yes (ys),
Melastomataceae,Pternandra caerulescens,Jack,yes (ys),
Melastomataceae,Pternandra echinata,Wall.,yes (ys),
Malvaceae,Pterocymbium tubulatum,Pierre,yes (reuben),
Malvaceae,Pterospermum javanicum,Jungh.,yes (ys),
Theaceae,Pyrenaria acuminata,Planch. ex Choisy,yes (ys),
Polypodiaceae,Pyrrosia lanceolata,(L.) Farw.,yes (ys),
Polypodiaceae,Pyrrosia longifolia,(Burm. f.) C.V. Morton,yes (ys),
Polypodiaceae,Pyrrosia piloselloides,(L.) M.G. Price,yes (ys),
Rhizophoraceae,Rhizophora apiculata,Blume,yes (ys),
Myrtaceae,Rhodamnia cinerea,Jack,yes (ys),
Arecaceae,Rhopaloblaste singaporensis,(Becc.) Hook.f.,yes (ys),
Violaceae,Rinorea anguifera,Kuntze,yes (ys),
Violaceae,Rinorea lanceolata,Kuntze,yes (ys),
Rubiaceae,Rothmannia macrophylla,(Hook.f.) Bremek.,yes (ys),
Connaraceae,Rourea acutipetala,Miq.,yes (Wei Wei),
Connaraceae,Rourea asplenifolia,(G. Schellenb.) Jongkind,yes (ys),
Connaraceae,Rourea fulgens,Planch.,yes (ys),
Connaraceae,Rourea mimosoides,Planch.,yes (ys),
Connaraceae,Rourea minor,(Gaertn.) Alston,yes (ys),
Rosaceae,Rubus moluccanus,L.,yes (ys),
Achariaceae,Ryparosa hullettii,King,yes (ys),
Arecaceae,Salacca affinis,Griff.,yes (ys),
Celastraceae,Salacia chinensis,L.,yes (reuben),
Celastraceae,Salacia korthalsiana,Miq.,yes (ys),
Celastraceae,Salacia maingayi,M.A.Lawson,yes (reuben),
Celastraceae,Salacia viminea,Wall.,yes (ys),
Meliaceae,Sandoricum beccarianum,Baill.,yes (ys),
Meliaceae,Sandoricum koetjape,(Burm.f.) Merr.,yes (ys),
Burseraceae,Santiria apiculata,A.W.Benn.,yes (ys),
Burseraceae,Santiria griffithii,Engl.,yes (ys),
Burseraceae,Santiria laevigata,Blume,yes (ys),
Burseraceae,Santiria rubiginosa,Blume,yes (Wei Wei),
Burseraceae,Santiria tomentosa,Blume,yes (Wei Wei),
Sapotaceae,Sarcosperma paniculatum,(King) Stapf & King,yes (ys),
Actinidiaceae,Saurauia pentapetala,(Jack) Hoogland,yes (ys),
Goodeniaceae,Scaevola taccada,(Gaertn.) Roxb.,yes (ys),
Malvaceae,Scaphium affine,(Mast.) Pierre,yes (reuben),
Malvaceae,Scaphium linearicarpum,(Mast.) Pierre,yes (ys),
Malvaceae,Scaphium macropodum,(Miq.) Beumée ex K.Heyne,yes (ys),
Araceae,Schismatoglottis calyptrata,(Roxb.) Zoll. & Moritzi,yes (ys),
Araceae,Schismatoglottis wallichii,Hook.f.,yes (ys),
Schizaeaceae,Schizaea dichotoma,(L.) J. Sm.,yes (ys),
Schizaeaceae,Schizaea digitata,(L.) Wall. ex J. Sm.,yes (ys),
Araceae,Scindapsus hederaceus,Miq.,yes (ys),
Araceae,Scindapsus pictus,Hassk.,yes (ys),
Cyperaceae,Scleria ciliaris,Nees,yes (ys),
Santalaceae,Scleropyrum pentandrum,(Dennst.) Mabb.,yes (ys),
Salicaceae,Scolopia macrophylla,Clos,yes (Wei Wei),
Olacaceae,Scorodocarpus borneensis,(Baill.) Becc.,yes (ys),
Poaceae,Scrotochloa urceolata,(Roxb.) Judz.,yes (ys),
Loranthaceae,Scurrula ferruginea,(Jack) Danser,yes (ys),
Loranthaceae,Scurrula parasitica,L.,yes (ys),
Rubiaceae,Scyphiphora hydrophylacea,C.F.Gaertn.,yes (ys),
Polygalaceae,Securidaca philippinensis,Chodat,yes (Wei Wei),
Selaginellaceae,Selaginella argentea,(Wall.) Spring,yes (NIS 2014),
Selaginellaceae,Selaginella intermedia,Spring,yes (ys),
Selaginellaceae,Selaginella mayeri,Hieron.,yes (ys),
Aizoaceae,Sesuvium portulacastrum,(L.) L.,yes (ys),
Dipterocarpaceae,Shorea curtisii,Dyer ex King,yes (ys),
Dipterocarpaceae,Shorea leprosula,Miq.,yes (ys),
Dipterocarpaceae,Shorea macroptera,Dyer,yes (ys),
Dipterocarpaceae,Shorea ovalis,Blume,yes (ys),
Dipterocarpaceae,Shorea pauciflora,King,yes (ys),
Leguminosae,Sindora coriacea,(Baker) Prain,yes (Wei Wei),
Smilacaceae,Smilax calophylla,Wall. ex A.DC.,yes (ys),
Smilacaceae,Smilax leucophylla,Blume,yes (ys),
Smilacaceae,Smilax setosa,Miq.,yes (ys),
Poaceae,Soejatmia ridleyi,(Gamble) K.M.Wong,yes (Wei Wei),
Melastomataceae,Sonerila heterostemon,Naudin,yes (ys),
Lythraceae,Sonneratia alba,Sm.,yes (ys),
Lythraceae,Sonneratia caseolaris,(L.) Engl.,yes (ys),
Lythraceae,Sonneratia ovata,Backer,yes (ys),
Orchidaceae,Spathoglottis plicata,Blume,yes (ys),
Leguminosae,Spatholobus ferrugineus,(Zoll. & Moritzi) Benth.,yes (ys),
Thelypteridaceae,Sphaerostephanos heterocarpus,(Blume) Holttum,yes (ys),
Thelypteridaceae,Sphaerostephanos polycarpa,Copel.,yes (ys),
Marantaceae,Stachyphrynium latifolium,(Blume) K.Schum.,yes (ys),
Acanthaceae,Staurogyne kingiana,C.B.Clarke,yes (plant observatory),
Blechnaceae,Stenochlaena palustris,(Burm. f.) Bedd.,yes (ys),
Menispermaceae,Stephania capitata,(Blume) Spreng.,yes (ys),
Malvaceae,Sterculia coccinea,Roxb.,yes (ys),
Malvaceae,Sterculia cordata,Blume,yes (reuben),
Malvaceae,Sterculia gilva,Miq.,yes (reuben),
Malvaceae,Sterculia macrophylla,Vent.,yes (ys),
Malvaceae,Sterculia parviflora,Roxb.,yes (ys),
Malvaceae,Sterculia rubiginosa,Zoll. ex Miq.,yes (ys),
Moraceae,Streblus elongatus,(Miq.) Corner,yes (ys),
Olacaceae,Strombosia ceylanica,Gardner,yes (ys),
Olacaceae,Strombosia javanica,Thwaites,yes (ys),
Apocynaceae,Strophanthus caudatus,(L.) Kurz,yes (ys),
Loganiaceae,Strychnos axillaris,Colebr.,yes (ys),
Loganiaceae,Strychnos ignatii,P.J. Bergius,yes (ys),
Loganiaceae,Strychnos maingayi,C.B.Clarke,yes (ys),
Styracaceae,Styrax benzoin,Dryand.,yes (ys),
Euphorbiaceae,Suregada multiflora,(A.Juss.) Baill.,yes (ys),
Anacardiaceae,Swintonia schwenckii,Teijsm. & Binn. ex Hook.f.,yes (Wei Wei),
Symplocaceae,Symplocos adenophylla,Wall. ex G. Don,yes (ys),
Symplocaceae,Symplocos barringtoniifolia,Brand,yes (Chong),
Symplocaceae,Symplocos fasciculata,Roxb. ex A.DC.,yes (ys),
Symplocaceae,Symplocos lucida,(Thunb.) Siebold & Zucc.,yes (Chong),
Symplocaceae,Symplocos odoratissima,Choisy ex Zoll.,yes (Chong),
Pteridaceae,Syngramma alismifolia,(C. Presl) J. Sm.,yes (ys),
Myrtaceae,Syzygium borneense,(Miq.) Miq.,yes (ys),
Myrtaceae,Syzygium chloranthum,(Duthie) Merr. & L.M.Perry,yes (ys),
Myrtaceae,Syzygium filiforme,Chantaran. & J.Parn.,yes (ys),
Myrtaceae,Syzygium glaucum,(King) Chantaran. & J.Parn.,yes (ys),
Myrtaceae,Syzygium grande,(Wight) Walp.,yes (ys),
Myrtaceae,Syzygium incarnatum,(Elmer) Merr. & L.M.Perry,yes (ys),
Myrtaceae,Syzygium lineatum,(DC.) Merr. & L.M.Perry,yes (ys),
Myrtaceae,Syzygium myrtifolium,Walp.,yes (Nparks),
Myrtaceae,Syzygium nigricans,(King) Merr. & L.M.Perry,yes (ys),
Myrtaceae,Syzygium polyanthum,(Wight) Walp.,yes (ys),
Myrtaceae,Syzygium pseudocrenulatum,(M.R.Hend.) I.M.Turner,yes (louise),
Myrtaceae,Syzygium ridleyi,(King) Chantaran. & J.Parn.,yes (ys),
Myrtaceae,Syzygium zeylanicum,(L.) DC.,yes (ys),
Apocynaceae,Tabernaemontana corymbosa,Roxb. ex Wall.,yes (ys),
Apocynaceae,Tabernaemontana pauciflora,Blume,yes (ys),
Dioscoreaceae,Tacca integrifolia,Ker Gawl.,yes (ys),
Orchidaceae,Taeniophyllum pusillum,(Willd.) Seidenf. & Ormerod,yes (Matti),
Pteridaceae,Taenitis blechnoides,(Willd.) Sw.,yes (ys),
Pteridaceae,Taenitis interrupta,Hook. & Grev.,yes (ys),
Malvaceae,Talipariti tiliaceum,(L.) Fryxell,yes (ys),
Rubiaceae,Tarenna mollis,(Wall. ex Hook.f.) B.L.Rob.,yes (ys),
Loranthaceae,Taxillus chinensis,(DC.) Danser,yes (ys),
Tectariaceae,Tectaria barberi,(Hook.) Copel.,yes (ys),
Tectariaceae,Tectaria semipinnata,(Roxb.) C.V. Morton,yes (ys),
Tectariaceae,Tectaria singaporiana,(Wall. ex Hook. & Grev.) Ching,yes (ys),
Tectariaceae,Tectaria vasta,(Blume) Copel.,yes (ys),
Combretaceae,Terminalia catappa,L.,yes (ys),
Combretaceae,Terminalia subspathulata,King,yes (ys),
Pentaphylacaceae,Ternstroemia penangiana,Choisy,yes (ys),
Dilleniaceae,Tetracera akara,Merr.,yes (ys),
Dilleniaceae,Tetracera fagifolia,Blume,yes (ys),
Dilleniaceae,Tetracera indica,(Christm. & Panz.) Merr.,yes (ys),
Dilleniaceae,Tetracera macrophylla,Wall. ex Hook. f. & Thoms.,yes (ys),
Vitaceae,Tetrastigma curtisii,(Ridl.) Suess.,yes (ys),
Vitaceae,Tetrastigma dichotomum,Planch.,yes (ys),
Vitaceae,Tetrastigma lawsoni,Herb. Kew.,yes (reuben),
Malvaceae,Thespesia populnea,(L.) Sol. ex Corrêa,yes (ys),
Orchidaceae,Thrixspermum trichoglottis,(Hook.f.) Kuntze,yes (Matti),
Rubiaceae,Timonius flavescens,(Jacq.) Baker,yes (ys),
Rubiaceae,Timonius wallichianus,(Korth.) Valeton,yes (ys),
Menispermaceae,Tinomiscium petiolare,Hook. f. & Thomson,yes (ys),
Menispermaceae,Tinospora macrocarpa,Diels,yes (reuben),
Cannabaceae,Trema cannabina,Lour.,yes (ys),
Cannabaceae,Trema tomentosa,(Roxb.) H. Hara,yes (ys),
Euphorbiaceae,Triadica cochinchinensis,Lour.,yes (ys),
Hymenophyllaceae,Trichomanes mindorense,Christ,yes (ys),
Hymenophyllaceae,Trichomanes motleyi,Bosch,yes (ys),
Hymenophyllaceae,Trichomanes sublimbatum,Müll. Stuttg.,yes (ys),
Cucurbitaceae,Trichosanthes celebica,Cogn.,yes (Wei Wei),
Cucurbitaceae,Trichosanthes wawraei,Cogn.,yes (ys),
Orchidaceae,Trichotosia velutina,(Lodd. ex Lindl.) Kraenzl.,yes (2012 NIS),
Sapindaceae,Trigonachras acuta,Radlk.,yes (ys),
Trigoniaceae,Trigoniastrum hypoleucum,Miq.,yes (ys),
Euphorbiaceae,Trigonostemon heteranthus,Wight,yes (ys),
Burseraceae,Triomma malaccensis,Hook.f.,"yes (Turner & Chua, 2011)",
Malpighiaceae,Tristellateia australasiae,A. Rich.,yes (ys),
Staphyleaceae,Turpinia sphaerocarpa,Hassk.,yes (ys),
Rubiaceae,Uncaria cordata (var. ferruginea),(Lour.) Merr.,yes (ys),
Rubiaceae,Uncaria longiflora (var. pteropoda),(Poir.) Merr.,yes (ys),
Apocynaceae,Urceola elastica,Roxb.,yes (ys),
Apocynaceae,Urceola torulosa,Hook.f.,yes (ys),
Rubiaceae,Urophyllum arboreum,(Reinw. ex Blume) Korth.,yes (ys),
Rubiaceae,Urophyllum blumeanum,(Wight) Hook.f.,yes (ys),
Rubiaceae,Urophyllum griffithianum,(Wight) Hook.f.,yes (ys),
Rubiaceae,Urophyllum hirsutum,(Wight) Hook.f.,yes (ys),
Rubiaceae,Urophyllum streptopodium,Wall. ex Hook.f.,yes (ys),
Gentianaceae,Utania austromalayensis,M. Sugumaran,yes (Nparks),
Gentianaceae,Utania nervosa,K.M.Wong & M.Sugumaran,yes (ys),
Annonaceae,Uvaria cordata,(Dunal) Alston,yes (ys),
Annonaceae,Uvaria curtisii,King,yes (ys),
Annonaceae,Uvaria hirsuta,Jack,yes (ys),
Annonaceae,Uvaria javana,Dunal,yes (ys),
Annonaceae,Uvaria lobbiana,Hook.f. & Thomson,yes (ys),
Dipterocarpaceae,Vatica pauciflora,Blume,yes (ys),
Compositae,Vernonia arborea,Buch.-Ham.,yes (ys),
Santalaceae,Viscum articulatum,Burm. f.,yes (ys),
Santalaceae,Viscum ovalifolium,DC.,yes (ys),
Lamiaceae,Vitex pinnata,L.,yes (ys),
Lamiaceae,Vitex vestita,Wall. ex Schauer,yes (ys),
Pteridaceae,Vittaria elongata,Sw.,yes (ys),
Pteridaceae,Vittaria ensiformis,Sw.,yes (ys),
Orchidaceae,Vrydagzynea lancifolia,Ridl.,yes (2014 NIS),
Apocynaceae,Willughbeia coriacea,Wall.,yes (ys),
Apocynaceae,Willughbeia flavescens,Dyer ex Hook.f.,yes (ys),
Apocynaceae,Willughbeia tenuiflora,Dyer ex Hook.f.,yes (ys),
Apocynaceae,Wrightia laevis,Hook.f.,yes (ys),
Polygalaceae,Xanthophyllum amoenum,Chodat,yes (ys),
Polygalaceae,Xanthophyllum discolor,Chodat,yes (ys),
Polygalaceae,Xanthophyllum ellipticum,Korth. ex Miq.,yes (ys),
Polygalaceae,Xanthophyllum eurhynchum,Miq.,yes (ys),
Polygalaceae,Xanthophyllum flavescens,Roxb.,yes (ys),
Polygalaceae,Xanthophyllum vitellinum,(Blume) D.Dietr.,yes (ys),
Convolvulaceae,Xenostegia tridentata,(L.) D.F. Austin & Staples,yes (ys),
Sapindaceae,Xerospermum noronhianum,Blume,yes (Wei Wei),
Olacaceae,Ximenia americana,L.,yes (ys),
Meliaceae,Xylocarpus granatum,J.Koenig,yes (ys),
Meliaceae,Xylocarpus moluccensis,(Lam.) M.Roem.,yes (ys),
Meliaceae,Xylocarpus rumphii,(Kostel.) Mabb.,yes (ys),
Annonaceae,Xylopia caudata,Hook.f. & Thomson,yes (ys),
Annonaceae,Xylopia ferruginea,(Hook.f. & Thomson) Baill.,yes (ys),
Annonaceae,Xylopia malayana,Hook.f. & Thomson,yes (ys),
Zingiberaceae,Zingiber puberulum (var. chryseum),(Ridl.) Holttum,yes (ys),
Zingiberaceae,Zingiber singapurense,Škorničk.,yes (Matti),
Rhamnaceae,Ziziphus calophylla,Wall.,yes (ys),
Poaceae,Zoysia matrella,(L.) Merr.,yes (ys),
Orchidaceae,Acriopsis ridleyi,Hook.f.,yes (Chong),recent rediscovery
Meliaceae,Aglaia palembanica,Miq.,yes (Chong),recent rediscovery
Meliaceae,Aglaia tomentosa subsp. cordata,Teijsm. & Binn.,yes (Chong),recent rediscovery
Euphorbiaceae,Agrostistachys gaudichaudii,Müll.Arg.,yes (Chong),recent rediscovery
Orchidaceae,Bulbophyllum pulchellum,Ridl.,yes (Chong),recent rediscovery
Arecaceae,Calamus ornatus,Becc.,yes (Chong),recent rediscovery
Fabaceae,Callerya dasyphylla,(Miq.) Schot,yes (Chong),recent rediscovery
Araceae,Cryptocoryne ciliata,(Roxb.) Schott,yes (Chong),recent rediscovery
Oxalidaceae,Dapania racemosa,Korth.,yes (Chong),recent rediscovery
Rubiaceae,Lecananthus erubescens,Jack,yes (Chong),recent rediscovery
Cyperaceae,Mapania squamata,(Kurz) C.B.Clarke,yes (Chong),recent rediscovery
Orchidaceae,Peristylus lacertifer,(Lindl.) J.J.Sm.,yes (Chong),recent rediscovery
Zingiberaceae,Plagiostachys lateralis,(Ridl.) Ridl.,yes (Chong),recent rediscovery
Escalloniaceae,Polyosma conocarpa,Ridl.,yes (Chong),recent rediscovery
Psilotaceae,Psilotum complanatum,Sw.,yes (Chong),recent rediscovery
